Month,Year,Consumer Confidence Index TX,Consumer Confidence West South Central,Consumer Confidence Index US,PCE Deflator,Consumer Price Index TX,Consumer Price Index U.S.,CPI U.S. Ex Food and Energy,Nonfarm Employment TX,Nonfarm Employment U.S.,Unemployment TX,Unemployment U.S.,Single Family Building Permits TX,Multi Family Building Permits TX,Existing Single Family Home Sales TX,Existing Single Family Home Price TX,Non Residential Building Construction,Total Sales Tax Collections Retail TX,Total Sales Tax Collections TX,Retail Gasoline Price TX,Retail Diesel Price TX,Nonfarm Employment Illinois,Nonfarm Employment Florida,Nonfarm Employment New York,Nonfarm Employment Texas,Nonfarm Employment California,Gross Value Crude Oil Production,Gross Value Natural Gas Production,Motor Fuel Taxed Gasoline,Motor Fuel Taxed Diesel
1,2005,,,,,,,,,,,,,,,,,,,1.773,1.906,"5,829.6","7,650.2","8,490.6","9,642.4","14,881.8",,,,
2,2005,,,,,,,,,,,,,,,,,,,1.841,1.958,"5,836.2","7,670.7","8,487.9","9,653.2","14,908.3",,,,
3,2005,,,,,,,,,,,,,,,,,,,2.008,2.148,"5,833.8","7,668.7","8,483.6","9,670.8","14,929.3",,,,
4,2005,,,,,,,,,,,,,,,,,,,2.169,2.226,"5,857.5","7,716.4","8,518.6","9,715.1","14,979.4",,,,
5,2005,,,,,,,,,,,,,,,,,,,2.088,2.15,"5,855.4","7,753","8,509.9","9,727.1","14,985.4",,,,
6,2005,,,,,,,,,,,,,,,,,,,2.101,2.256,"5,841","7,761.6","8,515.9","9,734","15,000.9",,,,
7,2005,,,,,,,,,,,,,,,,,,,2.227,2.314,"5,874.9","7,813","8,533.1","9,796.7","15,066.5",,,,
8,2005,,,,,,,,,,,,,,,,,,,2.446,2.421,"5,879.7","7,839.5","8,544","9,812.5","15,097.6",,,,
9,2005,,,,,,,,,,,,,,,,,,,2.843,2.766,"5,884.4","7,874.1","8,552","9,841.1","15,136.4",,,,
10,2005,,,,,,,,,,,,,,,,,,,2.72,3.107,"5,880","7,873.4","8,526.8","9,853.4","15,148",,,,
11,2005,,,,,,,,,,,,,,,,,,,2.205,2.553,"5,887.8","7,880.5","8,544.4","9,903.2","15,189.3",,,,
12,2005,,,,,,,,,,,,,,,,,,,2.161,2.424,"5,889.2","7,903.5","8,560.6","9,925.6","15,214.7",,,,
1,2006,,,,,,,,,,,,,,,,,,,2.289,2.434,"5,901.5","7,913.2","8,561","9,963.1","15,214.6",,,,
2,2006,,,,,,,,,,,,,,,,,,,2.215,2.445,"5,914.7","7,924.9","8,562.4","9,982.1","15,248.9",,,,
3,2006,,,,,,,,,,,,,,,,,,,2.393,2.519,"5,921.3","7,952.1","8,579.5","10,017.9","15,259",,,,
4,2006,,,,,,,,,,,,,,,,,,,2.774,2.681,"5,921.1","7,958.9","8,588.3","10,031.9","15,270.6",,,,
5,2006,,,,,,,,,,,,,,,,,,,2.86,2.815,"5,920.7","7,977.2","8,592","10,058.2","15,311.7",,,,
6,2006,,,,,,,,,,,,,,,,,,,2.825,2.834,"5,938.3","7,993.7","8,601","10,087.1","15,342.9",,,,
7,2006,,,,,,,,,,,,,,,,,,,2.906,2.88,"5,935.8","7,997.4","8,600","10,092.2","15,345.3",,,,
8,2006,,,,,,,,,,,,,,,,,,,2.868,2.952,"5,944.5","8,017.5","8,603.9","10,137.6","15,374",,,,
9,2006,,,,,,,,,,,,,,,,,722.09,"1,513.37",2.443,2.701,"5,945.9","8,023","8,616.4","10,172.8","15,385.5",,,,
10,2006,,,,,,,,,,,,,,,,,764.03,"1,597.47",2.149,2.467,"5,937.9","8,017.3","8,626.3","10,184.7","15,379.8",,,,
11,2006,,,,,,,,,,,,,,,,,851.52,"1,739.42",2.137,2.47,"5,941.5","8,021.2","8,644.3","10,214","15,383",,,,
12,2006,,,,,,,,,,,,,,,,,909.4,"1,687.59",2.231,2.528,"5,951.2","8,031.8","8,666.6","10,248.9","15,392.9",,,,
1,2007,,127.6,110.2,95.689,184.549,202.416,208.009,10.268,137.477,4.5,4.6,"9,413","4,008","17,379","136,964","1,305.04",874.02,"1,743.6",2.143,2.412,"5,966.3","8,044","8,686.2","10,266.6","15,408.6","1,433.71","3,731.72",982.7,307.1
2,2007,,130,111.2,96.005,185.37,203.499,209.112,10.306,137.558,4.4,4.5,"10,308","5,413","20,448","139,508","1,799.86",786.32,"1,632.24",2.16,2.417,"5,956.6","8,045.3","8,686","10,304","15,434.1","1,455.88","3,097.03",942.0,305.6
3,2007,,129.8,108.2,96.34,186.417,205.352,209.923,10.345,137.793,4.4,4.4,"12,441","3,974","26,279","143,323","1,634.04",779.72,"1,569.57",2.434,2.629,"5,976.5","8,054.7","8,696.6","10,345.6","15,469","1,668.14","3,367.99",898.2,311.0
4,2007,,127.8,106.3,96.527,187.804,206.686,210.311,10.37,137.842,4.3,4.5,"11,084","2,438","25,294","144,986","1,819.68",840.92,"1,720.74",2.761,2.801,"5,974.7","8,038.1","8,686.8","10,372.5","15,425.2","1,703.75","3,875.43",987.9,376.7
5,2007,,132.9,108.5,96.798,188.557,207.949,210.316,10.396,137.993,4.3,4.4,"11,531","4,926","29,497","147,725","1,451.1",860.59,"1,793.19",3.016,2.745,"5,982.9","8,031.4","8,705.9","10,397.7","15,444","1,712.18","3,782.04","1,003.1",253.6
6,2007,,125.1,105.3,96.997,189.031,208.352,210.474,10.433,138.069,4.3,4.6,"10,260","6,117","29,714","153,398","2,297.61",794.8,"1,629.43",2.973,2.756,"5,986","8,025","8,721.1","10,433.2","15,462.1","1,730.19","4,222.67","1,022.8",333.5
7,2007,,131.5,111.9,97.141,189.21,208.299,210.756,10.452,138.038,4.3,4.7,"9,987","5,841","28,516","150,659","1,368.78",804.44,"1,678.01",2.897,2.799,"5,983.6","7,996.4","8,722.8","10,453.6","15,506","2,036.21","4,194.30",998.2,332.9
8,2007,,118.9,105.6,97.225,189.154,207.917,211.111,10.469,138.015,4.3,4.6,"9,642","5,476","28,874","151,148","1,813.71",891.82,"1,848.54",2.739,2.803,"5,978.9","7,984.5","8,721.3","10,469.2","15,485.7","2,007.83","3,953.61",994.1,327.0
9,2007,,121,99.5,97.601,189.589,208.49,211.628,10.49,138.095,4.4,4.7,"7,575","3,534","20,488","145,475","1,582.8",786.17,"1,634.21",2.72,2.894,"5,977.3","7,967","8,722.1","10,492.6","15,485.4","2,119.77","3,609.24","1,041.9",367.9
10,2007,,127.7,95.2,97.883,190.289,208.936,212.318,10.522,138.174,4.4,4.7,"7,960","4,496","21,132","142,247","1,900.6",792.85,"1,648.6",2.726,2.984,"5,976.4","7,947","8,748.9","10,520.4","15,467","2,427.43","3,396.69",958.8,322.3
11,2007,,122.56,87.8,98.373,191.025,210.177,212.435,10.545,138.284,4.4,4.7,"6,516","5,064","19,847","143,518","1,307.3",945.93,"1,905.15",2.986,3.313,"5,981.2","7,940.4","8,760","10,542.7","15,475","2,566.51","4,035.04","1,025.7",371.5
12,2007,,119.5,90.6,98.638,191.509,210.036,212.356,10.567,138.392,4.4,5,"5,661","5,416","19,310","146,159","1,223.73",971.66,"1,814.63",2.925,3.279,"5,981.9","7,931.1","8,768.3","10,565","15,481.4","2,480.04","4,322.36",965.8,342.4
1,2008,,125.3,87.3,98.894,192.125,211.08,213.138,10.599,138.403,4.3,5,"6,376","6,744","15,023","137,649","8,977.85",892.11,"1,854.64",2.969,3.256,"5,991","7,901","8,790.8","10,598.2","15,430.5","2,640.10","4,567.82",985.8,313.7
2,2008,,106.28,76.4,99.11,192.618,211.693,213.866,10.631,138.324,4.3,4.9,"7,154","3,279","18,552","141,366","1,891.66",855.46,"1,821.49",2.967,3.341,"5,985.4","7,893.9","8,791.9","10,629.6","15,442.1","2,534.70","4,649.66",954.2,343.2
3,2008,,97.48,65.9,99.416,193.904,213.528,214.866,10.619,138.275,4.3,5.1,"7,569","5,264","21,359","145,572","1,905.7",812.18,"1,637.13",3.195,3.831,"5,977.9","7,862.9","8,790.7","10,619.5","15,425.4","2,952.04","4,784.87",940.6,324.1
4,2008,,91.28,62.8,99.654,194.298,214.823,215.059,10.642,138.035,4.4,5,"8,489","4,453","22,593","145,572","1,671.04",800.75,"1,670.43",3.415,4.021,"5,977.4","7,810.1","8,805.5","10,643.5","15,433.2","3,148.31","5,734.89","1,010.4",281.1
5,2008,,82.64,58.1,100.091,196.371,216.632,215.18,10.652,137.858,4.5,5.4,"7,577","3,978","24,980","149,290","1,890.82",894.38,"1,872.21",3.712,4.367,"5,972.9","7,776.6","8,803.4","10,653.5","15,397.2","3,570.03","5,901.94",975.8,343.1
6,2008,,82.76,51,100.786,198.982,218.815,215.553,10.661,137.687,4.7,5.6,"7,619","3,070","25,324","153,300","2,391.87",853.66,"1,785.92",3.961,4.637,"5,966.6","7,743.5","8,801.9","10,660","15,375.4","3,707.99","7,042.02","1,018.3",331.5
7,2008,,80.04,51.9,101.218,200.498,219.964,216.045,10.673,137.491,4.8,5.8,"7,347","4,712","24,599","151,540","1,856.22",828.6,"1,842.26",3.978,4.676,"5,961.4","7,705.1","8,811.9","10,674.6","15,347.2","3,878.40","7,402.11",954.0,321.3
8,2008,,92.78,58.5,101.135,199.156,219.086,216.476,10.678,137.213,5,6.1,"6,315","5,585","23,411","150,170","2,205.32",907.93,"2,017.88",3.681,4.251,"5,951.9","7,671.2","8,801","10,678.9","15,292","3,364.07","5,956.22",982.3,342.5
9,2008,,93.02,61.4,101.236,199.17,218.783,216.862,10.649,136.753,5.2,6.1,"4,859","4,551","18,552","143,714","2,330.72",778,"1,674.98",3.647,3.989,"5,932.3","7,637.6","8,779.4","10,650.8","15,264","2,809.50","4,551.51","1,054.7",248.6
10,2008,,76.98,38.8,100.684,197.472,216.573,217.023,10.66,136.272,5.4,6.5,"5,038","3,077","17,476","141,171","1,626.93",747.36,"1,738.57",2.905,3.537,"5,910.7","7,580","8,752","10,659.6","15,164","2,226.67","4,181.09",852.3,377.9
11,2008,,64.96,44.7,99.545,193.765,212.425,216.69,10.65,135.545,5.6,6.8,"3,283","1,579","13,215","136,182","2,097.34",949.9,"1,959.87",2.023,2.818,"5,881.2","7,533.1","8,725.9","10,648.3","15,064.7","1,609.41","3,359.55","1,018.0",343.5
12,2008,,65.9,38.6,99.007,191.956,210.228,216.1,10.621,134.839,5.9,7.3,"3,220","2,351","16,582","139,508","1,800.27",985.83,"1,910.18",1.637,2.394,"5,847.1","7,489.5","8,696.5","10,619.1","14,985","1,107.32","3,615.25",963.2,283.5
1,2009,,64.4,37.4,99.068,192.681,211.143,216.719,10.563,134.055,6.1,7.8,"3,769","2,784","11,121","130,899","1,435.46",867.81,"1,896.14",1.697,2.225,"5,799.2","7,415.1","8,653","10,563.8","14,851.9","1,081.41","3,339.76","1,023.2",294.7
2,2009,,50.7,25.3,99.284,193.791,212.193,217.685,10.5,133.312,6.3,8.3,"4,207","1,883","13,847","137,160","1,414.99",854.73,"1,651.66",1.845,2.138,"5,764.2","7,363","8,630.7","10,500.6","14,726",898.88,"2,273.82",965.3,291.5
3,2009,,46.4,26.9,99.193,194.234,212.709,218.639,10.439,132.512,6.4,8.7,"5,189","1,573","17,345","138,529",996.985,777.92,"1,719.42",1.894,2.057,"5,722.4","7,312.8","8,592.9","10,438.7","14,633","1,269.21","2,265.11",916.6,281.8
4,2009,,71,40.8,99.34,195.12,213.24,219.143,10.374,131.817,6.5,9,"5,378","2,095","17,733","141,757","1,432.74",788.25,"1,650.39",2.011,2.192,"5,675.4","7,271.3","8,520.6","10,374.3","14,537.3","1,357.13","2,138.89","1,019.0",305.7
5,2009,,73.5,54.8,99.474,194.78,213.856,219.128,10.35,131.475,7.5,9.4,"5,498","1,253","19,790","148,018","1,948.42",889.73,"1,786.24",2.205,2.201,"5,663","7,250.3","8,533.6","10,351","14,493.7","1,620.74","2,157.24",989.9,289.8
6,2009,,75.1,49.3,100.067,196.674,215.693,219.283,10.322,131.008,8,9.5,"6,680","1,399","22,693","153,692","1,703.78",811.24,"1,561.27",2.535,2.498,"5,641","7,224.8","8,519.4","10,321.3","14,432","1,877.98","2,272.97","1,026.2",291.9
7,2009,,71,47.4,100.02,196.342,215.351,219.35,10.289,130.668,8.2,9.5,"6,930",541,"23,335","151,931","1,811.02",757.89,"1,640.39",2.422,2.494,"5,620.4","7,199.5","8,553.5","10,291","14,320.8","1,773.91","2,353.45","1,013.6",293.2
8,2009,,75,54.5,100.288,196.4,215.834,219.596,10.267,130.485,8.3,9.6,"6,057","1,314","20,634","148,703","1,262.55",885.02,"1,765.01",2.545,2.588,"5,607.7","7,175.8","8,540.2","10,267.4","14,279.7","1,966.85","2,259.07","1,025.9",297.6
9,2009,,82.5,53.4,100.454,196.804,215.969,220.137,10.258,130.244,8.3,9.8,"5,549","1,603","19,374","146,355","1,601.85",731.71,"1,463.12",2.416,2.549,"5,600.1","7,157","8,493","10,259","14,230.5","1,873.04","1,875.41","1,021.0",292.0
10,2009,,72.9,48.7,100.764,196.802,216.177,220.731,10.253,130.045,8.3,10,"4,926",200,"20,272","141,660","1,794.31",717.98,"1,517.21",2.446,2.608,"5,590.4","7,145.6","8,477.1","10,253.2","14,265.8","2,129.31","2,462.08",961.1,281.8
11,2009,,64.9,50.6,100.997,196.851,216.33,220.384,10.254,130.057,8.3,9.9,"4,473","1,090","18,710","141,268","1,111.54",890.19,"1,532.88",2.561,2.738,"5,591.6","7,147.9","8,480.8","10,253.3","14,252.2","2,148.25","2,690.11",991.0,288.4
12,2009,,72.1,53.6,101.052,196.267,215.949,220.025,10.249,129.788,8.3,9.9,"5,057",989,"16,914","143,225","1,078.58",920.22,"1,823.94",2.517,2.699,"5,580.6","7,132.2","8,480","10,249.6","14,233.7","2,079.93","3,067.10",963.3,267.4
1,2010,,72.3,56.5,101.234,196.846,216.687,220.086,10.278,129.79,8.3,9.8,"4,893","1,115","10,797","135,888","1,387.42",816.98,"1,646.75",2.622,2.807,"5,581.6","7,129.3","8,487.1","10,278.3","14,203","2,202.61","3,715.74",992.8,287.6
2,2010,,74.1,46.4,101.248,197.284,216.741,220.602,10.279,129.698,8.3,9.8,"5,782",411,"13,781","139,997",798.477,804.19,"1,613.05",2.549,2.746,"5,586.3","7,131.9","8,490","10,278.8","14,187.2","1,979.19","3,177.12",945.5,289.6
3,2010,,74.9,52.3,101.363,197.592,217.631,221.059,10.31,129.879,8.3,9.9,"7,837","1,596","20,465","142,833","1,035.91",757.34,"1,450.02",2.693,2.878,"5,585.9","7,137.5","8,507.6","10,309.8","14,189.9","2,403.72","3,138.79",913.6,273.8
4,2010,,70.7,57.7,101.349,198.185,218.009,221.166,10.332,130.11,8.2,9.9,"6,557","1,659","22,893","145,475","1,406.92",823.04,"1,690.56",2.788,3.018,"5,598","7,157.7","8,538.3","10,331.4","14,286.3","2,440.12","2,643.92","1,032.9",327.8
5,2010,,76.48,62.66,101.392,198.148,218.178,221.193,10.391,130.65,8.2,9.6,"5,726","1,533","23,812","146,844","1,425.06",905.42,"1,782.16",2.796,3.025,"5,618.8","7,201.5","8,577.9","10,391.8","14,331.2","2,181.01","2,852.79","1,002.8",315.8
6,2010,,66.4,54.3,101.447,198.322,217.965,221.265,10.393,130.511,8.1,9.4,"5,977","1,826","22,864","150,953","1,374.08",802.14,"1,591.24",2.657,2.894,"5,609.8","7,188.9","8,565","10,392.4","14,316.9","2,084.43","2,732.36","1,060.4",313.5
7,2010,,66,51,101.569,197.501,218.011,221.258,10.38,130.427,8.1,9.4,"5,007","2,130","17,336","153,007","1,020.71",816.02,"1,694.51",2.628,2.864,"5,588.7","7,191.1","8,557.8","10,380","14,287.9","2,236.90","3,027.87","1,028.3",319.0
8,2010,,68.6,53.2,101.713,197.834,218.312,221.551,10.395,130.422,8.1,9.5,"5,217","1,956","17,831","151,735","1,103.53",847.7,"1,757.82",2.636,2.914,"5,615.9","7,191.5","8,537.3","10,395.7","14,284.3","2,322.32","3,019.76","1,034.2",311.4
9,2010,,68,48.6,101.807,198.581,218.439,221.907,10.398,130.357,8.1,9.5,"4,257","2,215","16,050","145,572","2,795.36",769.55,"1,569.14",2.594,2.884,"5,617.8","7,172.1","8,537.8","10,397.7","14,274.1","2,250.62","2,543.59","1,053.6",310.2
10,2010,,71.8,49.9,102.045,198.614,218.711,222.079,10.447,130.625,8.2,9.4,"3,728","1,025","14,990","143,518",918.641,765.74,"1,635.95",2.699,2.967,"5,635.6","7,201.8","8,570","10,448.4","14,332.4","2,555.35","2,736.33","1,001.6",318.5
11,2010,,82.1,57.8,102.211,198.172,218.803,222.077,10.454,130.75,8.2,9.8,"4,017","2,204","14,398","145,083",600.872,931.78,"1,851.15",2.726,3.055,"5,638.9","7,196.7","8,581.9","10,454.1","14,334.1","2,604.86","2,523.01","1,031.7",322.2
12,2010,,81.1,63.4,102.455,197.996,219.179,221.795,10.476,130.822,8.2,9.3,"4,193","1,348","16,423","149,485","2,343.29",966.97,"1,812.54",2.885,3.176,"5,642.3","7,201","8,587.4","10,477.3","14,350","2,923.62","3,128.90","1,044.4",308.8
1,2011,,74.4,64.8,102.685,199.302,220.223,222.177,10.492,130.841,8.2,9.1,"4,215",928,"11,385","138,000",997.715,862.51,"1,821.34",2.995,3.339,"5,645.7","7,215.4","8,647","10,490.6","14,359.1","2,972.84","3,065.63",962.7,314.8
2,2011,,80.8,72,102.966,200.713,221.309,223.011,10.492,131.053,8.2,9,"4,237","2,248","12,687","144,900",965.892,846.43,"1,759.25",3.105,3.531,"5,648.8","7,211.8","8,649.5","10,491.9","14,374.8","2,493.72","2,700.34",965.0,304.3
3,2011,,61.1,63.8,103.356,203.057,223.467,223.69,10.535,131.288,8.1,9,"6,355","2,044","18,351","143,000","1,308.97",808.45,"1,615.36",3.486,3.838,"5,657.5","7,218","8,657.4","10,533.3","14,371","3,473.44","3,056.62",884.4,284.7
4,2011,,69.506,66,103.808,204.962,224.906,224.118,10.573,131.602,8.1,9.1,"5,688","2,578","18,819","145,000","1,614.94",868.34,"1,881.58",3.746,3.991,"5,673.1","7,249","8,681.2","10,572.1","14,399.4","3,692.14","3,266.78","1,039.3",336.7
5,2011,,78.548,61.7,104.144,205.683,225.964,224.534,10.58,131.703,8.2,9,"5,679","1,256","20,322","149,500","1,225.36",947,"1,964.21",3.839,3.979,"5,667.6","7,242.7","8,666.1","10,580.2","14,403.8","3,639.07","3,500.83","1,006.6",321.3
6,2011,,75.5,57.6,104.179,204.94,225.722,224.891,10.603,131.939,8.3,9.1,"5,910","3,532","22,706","152,000","1,720.03",835.97,"1,728.04",3.601,3.876,"5,668.1","7,235.1","8,674.9","10,603","14,397.4","3,418.22","3,364.03","1,026.9",322.7
7,2011,,78.9,59.2,104.38,205.045,225.922,225.164,10.633,131.999,8.3,9,"5,149","3,206","20,238","151,000",976.347,844.69,"1,852.05",3.597,3.862,"5,682.5","7,259.7","8,690","10,633.9","14,441.9","3,617.08","3,565.15","1,013.5",335.5
8,2011,,71.6,45.2,104.618,205.811,226.545,225.874,10.653,132.125,8.2,9,"5,976","4,362","21,976","151,000","1,716.13",929.85,"1,972.4",3.586,3.823,"5,692.1","7,265","8,691.2","10,653","14,454.9","3,331.56","3,478.13","1,016.9",306.2
9,2011,,69.3,46.4,104.787,206.004,226.889,226.289,10.675,132.358,8,9,"5,185","1,830","18,534","147,500",937.64,811.35,"1,778.6",3.474,3.771,"5,697.6","7,284.1","8,717.3","10,674.3","14,483","3,323.95","3,239.87","1,037.0",341.6
10,2011,,50.4,40.9,104.851,205.111,226.421,226.743,10.667,132.562,7.8,8.8,"4,744","3,477","16,377","145,000",870.337,815.56,"1,863.51",3.323,3.725,"5,696.1","7,284.3","8,717.1","10,668.4","14,492.9","3,606.69","3,265.77",988.5,327.3
11,2011,,91,55.2,104.999,205.256,226.23,226.859,10.687,132.694,7.5,8.6,"4,426","1,668","15,511","145,000","1,408.21","1,003.9","2,078.48",3.253,3.86,"5,699.8","7,291","8,728.7","10,687.5","14,516.4","4,100.19","3,047.89","1,018.1",334.3
12,2011,,78.108,64.757,105.018,204.622,225.672,226.74,10.712,132.896,7.3,8.5,"4,397","3,733","17,119","150,000","1,018.43","1,025.48","2,002",3.14,3.764,"5,702.9","7,304.2","8,747.7","10,713.2","14,538.6","4,339.62","3,034.56",989.5,318.9
1,2012,,89.855,61.511,105.325,205.281,226.665,227.237,10.754,133.25,7.1,8.3,"5,230","4,654","12,499","138,000","1,050.07",888.27,"2,003.9",3.267,3.757,"5,719.5","7,325.1","8,779.4","10,752.8","14,594.8","4,552.64","2,757.83","1,019.4",321.8
2,2012,,90.2,71.6,105.56,207.208,227.663,227.865,10.782,133.512,7,8.3,"5,752","3,268","15,368","145,000",898.145,906.76,"2,000.43",3.526,3.878,"5,727.5","7,334.2","8,797.3","10,781.3","14,619.4","4,454.25","2,279.25",964.9,322.3
3,2012,,84,69.5,105.804,209.23,229.392,228.735,10.821,133.752,6.7,8.2,"6,385","4,246","19,925","152,990","1,222.47",898.79,"1,859.25",3.759,4.041,"5,744.1","7,354.2","8,814.5","10,819.6","14,659.1","5,020.93","2,378.41",956.9,314.3
4,2012,,89.8,68.7,105.943,209.674,230.085,229.303,10.847,133.834,6.8,8.2,"6,839","3,414","20,657","155,000","1,032.16",975.34,"2,097.91",3.844,4.025,"5,743","7,380","8,801.2","10,847","14,675.4","4,906.96","2,139.99","1,050.9",348.3
5,2012,,90.4,64.4,105.868,209.036,229.815,229.602,10.879,133.934,6.8,8.2,"7,344","4,624","24,220","160,000","1,003.42",947.21,"2,102.47",3.595,3.885,"5,742.8","7,379.9","8,814.1","10,878.6","14,715.6","4,676.43","2,028.56","1,018.8",328.8
6,2012,104.8,95.6,62.7,105.844,208.372,229.478,229.879,10.91,134.007,6.8,8.2,"6,821","4,244","25,336","164,000","1,450.56",943.37,"1,986.57",3.369,3.678,"5,746.6","7,394.5","8,816.6","10,909.6","14,762.9","4,011.27","1,961.60","1,065.5",347.7
7,2012,93.7,92.6,65.4,105.88,207.881,229.104,229.893,10.924,134.159,6.7,8.2,"6,716","5,017","24,120","162,100","1,254.34",864.41,"2,064.44",3.324,3.639,"5,748","7,399.1","8,789.3","10,924","14,781.5","4,599.02","2,336.97","1,038.0",338.8
8,2012,75.1,74.9,61.3,106.238,208.201,230.379,230.196,10.962,134.331,6.6,8.1,"7,195","7,056","25,795","159,900","1,292.69",981.38,"2,294.38",3.581,3.875,"5,756","7,408.5","8,820","10,962","14,802.6","5,100.41","2,573.92","1,034.6",338.2
9,2012,83.7,78.5,68.4,106.576,209.451,231.407,230.78,10.991,134.518,6.5,7.8,"5,929","3,147","19,954","158,000","1,393.72",864.69,"1,984.69",3.709,4.018,"5,769.5","7,426.4","8,851.9","10,990","14,829.4","5,106.95","2,324.52","1,063.7",355.0
10,2012,92,84.2,73.1,106.886,209.044,231.317,231.276,11.018,134.677,6.5,7.8,"6,593","5,008","20,844","155,000","1,372.23",860.45,"2,019.86",3.541,3.993,"5,764.4","7,454","8,858","11,019.7","14,861.9","5,227.06","2,629.16",993.1,331.5
11,2012,103.2,97.8,71.5,106.768,208.036,230.221,231.263,11.049,134.833,6.5,7.7,"5,618","3,983","19,021","158,000","1,151.89","1,080.39","2,376.01",3.246,3.891,"5,774.6","7,462.6","8,833.4","11,049.7","14,900","5,043.81","2,765.76","1,047.3",386.9
12,2012,99.6,95.9,66.7,106.758,207.402,229.601,231.033,11.075,135.072,6.5,7.9,"5,111","5,596","19,410","161,000","1,436.38","1,033.5","2,138.32",3.147,3.857,"5,776","7,472.1","8,873.1","11,076.1","14,931.9","5,140.10","2,820.73","1,008.4",310.8
1,2013,96.1,95.3,58.4,106.922,208.386,230.28,231.612,11.079,135.263,6.5,8,"6,596","4,034","15,547","148,500","1,307.45",965.8,"2,147.37",3.238,3.834,"5,785","7,486.2","8,886","11,078.2","14,957.2","5,582.28","2,693.84","1,018.1",325.9
2,2013,93.8,87.3,68,107.333,210.581,232.166,232.432,11.138,135.541,6.6,7.7,"6,644","4,721","17,431","155,000",945.384,878.94,"1,999.86",3.55,4.024,"5,794.5","7,508.7","8,895.6","11,137.6","15,008","5,166.71","2,470.36",973.2,329.4
3,2013,99.7,90.1,61.9,107.244,211.359,232.773,233.052,11.166,135.68,6.5,7.5,"7,471","4,021","23,418","162,901","1,335.63",990.21,"2,075.37",3.624,4.006,"5,791.8","7,524.4","8,915.8","11,166","15,035.8","6,059.01","2,796.89",933.7,289.5
4,2013,119.9,106.3,69,107.128,211.873,232.531,233.236,11.182,135.871,6.5,7.6,"8,590","4,529","25,668","170,000","1,214.81",987.03,"2,161.31",3.473,3.843,"5,782.3","7,539.2","8,939.8","11,181.9","15,076.7","5,995.56","3,023.78","1,069.6",368.4
5,2013,96.8,94.8,74.3,107.244,211.773,232.945,233.462,11.199,136.093,6.4,7.5,"8,088","4,106","29,577","175,305","1,412.29",968.03,"2,231.38",3.452,3.756,"5,789","7,552.1","8,933","11,198","15,104.5","6,493.93","3,242.38","1,035.8",348.6
6,2013,117.3,98.9,82.1,107.479,212.034,233.504,233.64,11.233,136.274,6.4,7.5,"7,719","3,285","28,107","179,465","1,457.76",980.46,"2,206.11",3.461,3.75,"5,797.4","7,577.6","8,942.2","11,231.9","15,128","6,299.35","3,054.51","1,081.5",360.5
7,2013,116.9,109.8,81,107.587,212.47,233.596,233.792,11.26,136.386,6.3,7.3,"8,060","4,717","30,065","178,000","2,252.79",936.1,"2,198.74",3.518,3.794,"5,803","7,593","8,946.8","11,260.9","15,157.8","7,341.78","3,004.37","1,059.2",340.4
8,2013,107.5,90.3,81.8,107.739,212.908,233.877,234.258,11.282,136.628,6.3,7.2,"7,853","3,683","29,460","175,000","1,225.09",988.39,"2,355.57",3.509,3.829,"5,812","7,614","8,965.3","11,282.5","15,205.3","7,615.28","3,053.96","1,053.7",340.4
9,2013,114.8,103.1,80.2,107.858,212.943,234.149,234.782,11.317,136.815,6.2,7.2,"6,540","5,382","23,883","170,900","1,919.3",911.1,"2,046.21",3.383,3.875,"5,816.2","7,629.8","9,005.9","11,316.4","15,224.2","7,454.13","2,993.75","1,091.8",357.9
10,2013,96.2,89.1,72.4,108,212.148,233.546,235.162,11.334,137.04,6.1,7.2,"7,117","7,852","22,643","169,900","1,886.51",884.87,"2,140.08",3.18,3.796,"5,816.2","7,647.6","9,010.1","11,335.4","15,257.1","7,218.48","3,112.08","1,017.9",323.1
11,2013,113.2,96.8,72,108.071,211.407,233.069,235.243,11.367,137.304,6,6.9,"5,903","3,982","19,639","169,900","1,422.97","1,094.81","2,408.06",3.104,3.755,"5,821.5","7,666.8","9,031","11,366.4","15,313.1","6,301.43","2,954.02","1,075.5",362.0
12,2013,110,104.7,77.5,108.254,212.623,233.049,235,11.376,137.373,5.8,6.7,"5,777","6,496","21,406","174,000","1,126.14","1,114.15","2,142.81",3.171,3.776,"5,833.8","7,684.3","9,030.2","11,376.5","15,345.4","6,979.01","3,199.17","1,026.2",340.5
1,2014,104.509,95.851,79.41,108.421,213.443,233.916,235.367,11.404,137.548,5.7,6.6,"7,395","4,933","15,757","163,837","2,588.69","1,096.98","2,441.29",3.187,3.781,"5,844","7,701.2","9,019.9","11,405.3","15,382.6","7,079.28","3,667.33","1,027.7",314.7
2,2014,111.777,112.34,78.301,108.492,214.418,234.781,236.075,11.43,137.714,5.6,6.7,"7,552","4,611","18,483","172,500","1,303.38",968.35,"2,212.73",3.213,3.788,"5,842.2","7,721.6","9,045.1","11,432.1","15,416.5","6,910.75","3,918.88","1,015.2",354.6
3,2014,108.685,104.223,83.861,108.708,215.912,236.293,236.913,11.468,137.968,5.5,6.7,"8,579","3,474","23,138","176,900","2,408.05",980.84,"2,093.56",3.373,3.803,"5,851.2","7,742.6","9,062.4","11,468.5","15,450.6","7,799.42","3,847.20",963.6,329.8
4,2014,120.1,111.7,81.7,108.907,216.373,237.072,237.509,11.519,138.293,5.4,6.2,"9,373","8,851","25,342","179,000","5,677.74",935.12,"2,269.32",3.541,3.807,"5,864.8","7,777.5","9,089.4","11,518.2","15,488.8","7,864.32","3,681.81","1,085.6",374.1
5,2014,131.2,122,82.2,109.145,216.822,237.9,238.029,11.553,138.511,5.3,6.3,"9,067","6,472","28,752","185,000","1,932.4","1,113.82","2,459.95",3.522,3.796,"5,873.6","7,795.9","9,110.5","11,553.2","15,521.5","7,994.94","3,871.69","1,073.8",372.3
6,2014,113.1,107.4,85.2,109.297,217.333,238.343,238.157,11.585,138.837,5.2,6.1,"9,250","3,705","30,272","190,000","4,519.31","1,022.27","2,251.49",3.55,3.79,"5,877","7,814.3","9,126","11,585","15,552","8,297.33","3,748.18","1,109.9",374.6
7,2014,117.155,106.635,90.333,109.428,217.064,238.25,238.138,11.612,139.069,5.2,6.2,"9,270","4,428","29,996","189,262","7,650.17",998.39,"2,339.64",3.513,3.782,"5,880.3","7,833.7","9,134.4","11,612.5","15,563.8","8,626.78","3,744.42","1,066.4",351.3
8,2014,121.4,111.1,93.4,109.404,216.639,237.852,238.296,11.638,139.257,5.1,6.1,"8,582","6,699","28,997","187,000","3,907.45","1,086.65","2,490.78",3.366,3.744,"5,883.4","7,859.4","9,160.5","11,638.1","15,626","8,203.61","3,440.31","1,100.7",395.1
9,2014,121.8,109.7,89,109.49,216.822,238.031,238.841,11.676,139.566,5,5.9,"8,011","6,397","25,506","183,000","2,494.21",977.55,"2,260.71",3.281,3.704,"5,887.4","7,883.6","9,171.3","11,674.3","15,669.7","7,622.22","3,385.38","1,117.6",375.7
10,2014,128.4,116.7,94.1,109.51,216.81,237.433,239.413,11.721,139.818,4.9,5.7,"8,400","4,917","25,478","180,000","2,350.3","1,019.07","2,395.4",3.056,3.613,"5,897.7","7,904.2","9,172.8","11,720.3","15,701.4","7,309.17","3,309.25","1,049.2",360.4
11,2014,119.8,112,91,109.352,215.41,236.151,239.248,11.759,140.109,4.8,5.8,"6,479","4,515","20,015","183,000","1,876.32","1,191.06","2,599.25",2.781,3.537,"5,911","7,934","9,189.7","11,758","15,749.3","6,471.05","2,966.62","1,137.2",408.7
12,2014,119.4,110,93.1,109.103,214.063,234.812,238.775,11.793,140.377,4.6,5.6,"7,837","7,181","24,230","189,870","1,732.77","1,201.17","2,440.09",2.392,3.312,"5,920.6","7,957","9,203.3","11,793.5","15,780.5","5,319.05","2,884.29","1,060.3",372.4
1,2015,116.6,108.7,103.8,108.594,213.035,233.707,239.248,11.802,140.568,4.6,5.7,"7,930","4,591","16,257","177,850","1,552.26","1,064.25","2,576.03",1.976,2.91,"5,919.5","7,977.6","9,213.6","11,803.2","15,811.6","4,081.55","2,131.16","1,093.1",367.1
2,2015,121.4,115,98.8,108.776,213.056,234.722,240.083,11.807,140.839,4.5,5.5,"7,972","5,203","18,654","185,000","5,552.49","1,094.49","2,472.14",2.089,2.777,"5,923.2","7,998","9,216.5","11,809.8","15,843.9","3,914.41","1,926.02","1,071.3",375.8
3,2015,127.1,118.4,101.4,109.015,214.509,236.119,241.067,11.802,140.91,4.5,5.4,"9,042","4,118","25,344","189,850","2,640.48",995.71,"2,120.15",2.303,2.749,"5,923.5","8,017.1","9,227.4","11,803","15,888.2","4,354.81","2,119.97",977.2,350.0
4,2015,121.4,107.4,94.3,109.085,215.184,236.599,241.802,11.811,141.194,4.5,5.4,"9,704","5,839","26,336","194,000","1,364.8","1,026.38","2,313.59",2.326,2.651,"5,943.3","8,038.4","9,230.4","11,810.5","15,912","4,842.20","2,001.19","1,119.7",372.3
5,2015,130.7,120.3,94.6,109.418,216.003,237.805,242.119,11.839,141.525,4.4,5.6,"8,752","3,123","28,648","202,500","1,574.91","1,229.36","2,576.77",2.529,2.78,"5,971.4","8,070.2","9,279.3","11,839.4","15,963.3","5,335.56","2,015.44","1,116.3",361.0
6,2015,130.6,123.4,99.8,109.67,216.573,238.638,242.354,11.864,141.699,4.4,5.3,"9,566","8,173","32,044","206,000","2,752.5","1,031.95","2,214.44",2.641,2.769,"5,975","8,091.9","9,291","11,864.4","15,999.7","5,243.07","1,971.31","1,133.5",265.5
7,2015,110.2,91.4,91,109.775,216.293,238.654,242.436,11.887,142.001,4.4,5.2,"9,010","6,027","32,820","202,000","1,790.84","1,060.48","2,400.96",2.604,2.676,"5,977.8","8,124.6","9,311.2","11,887.7","16,089.4","4,597.79","2,034.80","1,118.3",388.9
8,2015,108.9,95.5,101.3,109.753,216.509,238.316,242.651,11.902,142.126,4.5,5.1,"8,098","6,649","30,144","200,000","1,618.28","1,182.92","2,523.32",2.424,2.458,"5,978.1","8,147.8","9,316.9","11,902","16,144.3","3,750.49","1,994.25","1,170.4",394.4
9,2015,118.9,107.3,102.6,109.691,215.912,237.945,243.359,11.914,142.281,4.5,5,"8,247","5,676","27,392","195,000","2,571.52","1,046.37","2,244.66",2.158,2.353,"5,980.9","8,165.4","9,327.9","11,913.1","16,168.7","3,898.59","1,904.52","1,183.2",389.6
10,2015,115.5,105,99.1,109.774,215.989,237.838,243.985,11.922,142.587,4.5,5,"8,200","6,420","24,725","191,000","3,260.88",972.61,"2,301.44",2.101,2.322,"5,989.8","8,208","9,345.4","11,920.6","16,225","4,050.37","1,881.30","1,110.9",375.3
11,2015,105.7,98.5,92.6,109.911,215.61,237.336,244.075,11.928,142.824,4.5,5.1,"6,597","5,321","19,606","192,400","2,139.59","1,248.53","2,561.43",1.993,2.289,"5,990.6","8,233.6","9,357.8","11,926.5","16,257.9","3,270.16","1,553.24","1,149.3",357.2
12,2015,101.1,96.7,96.3,109.819,214.649,236.525,243.779,11.94,143.097,4.5,5,"7,196","7,081","25,607","200,000","1,697.93","1,194.47","2,344.68",1.89,2.191,"5,997.7","8,255.6","9,364.9","11,939.7","16,281.4","2,793.53","1,345.69","1,075.9",297.7
1,2016,120.4,109.7,97.8,109.965,215.226,236.916,244.528,11.956,143.205,4.5,4.8,"7,078","5,894","17,133","189,201","2,409.65","1,135.14","2,469.4",1.793,2.041,"5,998.7","8,270.3","9,371.9","11,959.2","16,297.3","2,544.90","1,492.98","1,135.7",343.7
2,2016,106,95.2,94,109.872,215.924,237.111,245.68,11.964,143.417,4.4,4.9,"8,128","3,745","20,428","194,900","1,469.48","1,090.69","2,307.29",1.648,1.884,"5,999.1","8,292","9,380.7","11,965.5","16,342.8","2,250.99","1,343.09","1,109.3",351.7
3,2016,96.8,84.7,96.1,109.939,217.153,238.132,246.358,11.954,143.654,4.5,5,"9,618","6,063","27,172","201,825","2,539.72","1,090.25","2,164.96",1.855,1.972,"5,998.6","8,309.8","9,407.6","11,958","16,328.7","2,982.60","1,360.82","1,082.5",354.3
4,2016,103.8,101.7,94.7,110.276,217.714,239.261,246.992,11.983,143.851,4.5,5.1,"9,017","3,221","27,615","205,804","1,840.01","1,109.52","2,369.07",1.986,2.024,"6,007.4","8,340","9,422.5","11,986","16,427.2","3,125.80","1,412.33","1,174.7",365.6
5,2016,120.2,103.1,92.4,110.431,218.551,240.229,247.58,11.99,143.892,4.6,4.8,"9,347","4,393","30,567","215,000","2,147.11","1,172.47","2,368.11",2.122,2.182,"5,997.7","8,358.6","9,403.6","11,991","16,449.6","3,689.07","1,589.85","1,136.2",328.7
6,2016,105.7,101.8,97.4,,219.373,241.018,,11.977,144.15,4.7,4.9,"9,881","6,300","32,990","220,000","2,454.66","1,106.45","2,231.27",2.229,2.292,"5,999.1","8,364.8","9,416.9","11,978","16,437.8","3,786.02","1,640.37","1,172.5",333.2
7,2016,103.3,100.1,96.7,,219.23,240.628,,12.031,144.521,4.7,4.8,"8,522","4,907","29,967","216,000","2,008.57","1,121.82","2,366.98",2.144,2.262,"6,013.6","8,412","9,450.7","12,030","16,521.2","3,574.46","1,646.50","1,150.2",361.6
8,2016,107.5,96.1,101.8,,219.146,240.849,,12.039,144.664,4.7,4.9,"9,334","5,032","32,388","215,000","2,372.92","1,226.24","2,435.16",2.073,2.221,"6,013.4","8,425.1","9,455.9","12,037.5","16,536","3,586.69","1,617.57","1,199.0",365.6
9,2016,115.4,106.1,103.5,,219.513,241.428,,12.069,144.953,4.8,5,"8,096","5,503","28,158","210,000","3,089.54","1,034.31","2,177.56",2.07,2.248,"6,021.5","8,449","9,462.2","12,070.8","16,557","3,498.73","1,646.48","1,176.5",323.6
10,2016,116.7,104.2,100.8,,220.2,241.729,,12.064,145.071,4.8,4.9,"8,155","3,998","25,105","210,000","2,517.22","1,049.58","2,311.48",2.125,2.326,"6,033","8,458.7","9,464.5","12,061.6","16,593.3","4,053.78","1,812.76","1,160.6",356.3
11,2016,124.5,110.1,109.4,,220.06,241.353,,12.081,145.201,4.8,4.7,"7,392","5,031","23,685","214,500","1,803.45","1,279.18","2,494.23",2.051,2.311,"6,032.5","8,476.8","9,469.2","12,077.8","16,619.3","3,605.84","1,582.48","1,183.4",363.1
12,2016,135.7,113.8,113.3,,220.045,241.432,,12.099,145.415,4.8,4.7,"7,678","3,685","25,941","217,000","2,311.91","1,294.48","2,448.54",2.122,2.391,"6,033","8,495.6","9,490.6","12,095.4","16,637.4","4,324.76","2,005.10","1,131.2",345.9
1,2017,130.6,119.8,111.6,,221.055,242.839,,12.131,145.628,4.8,4.7,"8,476","5,424","17,906","203,298","2,952.06","1,139.72","2,446.77",2.234,2.43,"6,031","8,513.9","9,509.6","12,129.3","16,631.5","4,443.68","1,902.75","1,150.7",350.5
2,2017,127.6,123,116.1,,221.422,243.603,,12.144,145.818,4.7,4.6,"8,543","4,089","20,934","214,900","2,007.42","1,165.91","2,422.38",2.171,2.423,"6,036.4","8,523.7","9,518.3","12,143.6","16,675.8","4,254.82","1,441.21","1,103.9",373.8
3,2017,147.8,135.4,124.9,,221.511,243.801,,12.18,145.96,4.6,4.4,"10,897","4,375","29,020","218,500","2,447.06","1,081.53","2,236.51",2.187,2.402,"6,043.5","8,539.2","9,520.4","12,184.9","16,716.2","4,421.14","1,632.94","1,041.0",317.4
4,2017,136.8,124.1,119.4,,222.149,244.524,,12.196,146.165,4.5,4.4,"9,593","3,461","27,462","223,000","2,938.24","1,151.57","2,415.3",2.313,2.444,"6,046","8,550.8","9,524","12,192.6","16,746.7","4,359.11","1,798.12","1,202.8",404.7
5,2017,135.4,122.2,117.6,,222.652,244.733,,12.215,146.388,4.4,4.4,"10,217","4,765","33,539","229,000","3,561.41","1,247.18","2,525.27",2.281,2.407,"6,045.7","8,570.1","9,542.3","12,216.6","16,797.2","4,458.58","1,902.75","1,175.6",376.4
6,2017,135,127.9,117.3,,223.137,244.955,,12.243,146.585,4.3,4.3,"10,890","5,736","35,212","231,500","2,904.13","1,161.8","2,427.14",2.244,2.355,"6,056.7","8,587.8","9,560.2","12,239.2","16,840.6","4,066.46","1,736.56","1,204.0",390.0
7,2017,133.7,127.1,120,,223.133,244.786,,12.23,146.768,4.2,4.3,"9,125","3,210","31,317","227,000","3,415.3","1,162.21","2,557.53",2.168,2.329,"6,051.7","8,595.1","9,565.4","12,229.1","16,848.7","4,335.45","1,799.22","1,167.1",399.1
8,2017,145.4,133.2,120.4,,223.772,245.519,,12.241,146.913,4.2,4.4,"8,905","6,709","30,636","227,000","2,468.54","1,240.51","2,477.29",2.263,2.414,"6,066.6","8,603.9","9,577.1","12,240.4","16,872.9","4,359.50","1,666.69","1,187.2",372.2
9,2017,126.5,118.2,120.6,,225.741,246.819,,12.257,147.012,4.1,4.3,"8,677","3,413","28,079","223,000","2,345.19","1,092.19","2,355.82",2.609,2.631,"6,065.9","8,431.2","9,583.1","12,255","16,898.7","4,608.82","1,610.11","1,125.2",373.6
10,2017,125.5,122.3,126.2,,226.062,246.663,,12.295,147.153,4.1,4.2,"8,696","6,598","26,765","219,750","4,793.98","1,094.75","2,446.75",2.399,2.616,"6,072.1","8,625.9","9,597.2","12,294.3","16,940.3","5,281.38","1,564.66","1,203.1",377.7
11,2017,138.1,127.4,128.6,,226.285,246.669,,12.316,147.353,4.1,4.2,"8,568","5,154","25,526","221,900","2,152.25","1,343.48","2,780.43",2.375,2.692,"6,077","8,642.7","9,609.2","12,316.6","16,959.6","5,959.68","1,659.53","1,187.5",384.8
12,2017,136.7,129.5,123.1,,225.393,246.524,,12.34,147.529,4.1,4.1,"7,765","3,403","27,592","228,600","1,821.77","1,404.72","2,736.14",2.302,2.706,"6,083.3","8,663.5","9,619.7","12,342","16,998.4","6,366.62","1,528.04","1,150.6",398.6
1,2018,151,142.3,124.3,,225.954,247.867,,12.358,147.662,4.1,4,"9,743","5,276","18,811","217,000","2,211.98","1,234.99","2,670.92",2.391,2.813,"6,080.3","8,678.2","9,609.1","12,356.1","17,037","6,964.57","1,740.14","1,156.9",388.8
2,2018,154.7,144.9,130,,227.441,248.991,,12.396,148.064,4,4.1,"9,447","2,747","22,007","225,000","1,938.32","1,164.35","2,609.31",2.402,2.835,"6,092","8,704.3","9,638.8","12,396.2","17,084.8","6,313.93","1,323.96","1,111.2",402.9
3,2018,139.2,129.7,127,,227.746,249.554,,12.433,148.289,4,4,"10,574","4,288","29,062","230,000","2,193.52","1,156.72","2,418.18",2.43,2.796,"6,110","8,725.6","9,652.8","12,439.5","17,093","7,153.48","1,562.10","1,050.1",361.0
4,2018,141.5,135.4,125.6,,228.152,250.546,,12.451,148.468,4,4,"10,617","8,601","30,012","231,000","1,689.27","1,258.94","2,758.53",2.598,2.897,"6,086.5","8,739.8","9,657.4","12,450.2","17,108.8","7,341.70","1,515.23","1,222.5",416.7
5,2018,147.3,141.1,128.8,,230.043,251.588,,12.486,148.801,3.9,3.8,"11,166","5,621","34,698","240,000","3,018.8","1,309.47","2,755.48",2.742,3.019,"6,091.7","8,753.6","9,669.9","12,487.1","17,125.7","7,825.24","1,614.23","1,176.4",404.1
6,2018,150.7,141.9,127.1,,230.9,251.989,,12.524,148.984,3.9,4,"11,243","7,824","35,348","241,380","4,544.018","1,266.93","2,753.85",2.77,3.022,"6,101","8,774.8","9,696.8","12,518.6","17,168.3","7,214.92","1,661.13","1,242.4",417.8
7,2018,142.4,136.3,127.9,,230.489,252.006,,12.548,149.05,3.9,3.8,"11,022","5,558","33,664","239,500","4,607.719","1,206.76","2,741",2.682,3,"6,106.8","8,789.4","9,697.5","12,546","17,168.9","8,058.89","1,531.16","1,182.6",407.4
8,2018,145.3,136.7,134.7,,230.003,252.146,,12.581,149.269,3.8,3.8,"11,182","4,068","33,964","236,000","2,345.98","1,335.73","2,871.69",2.643,2.993,"6,112.6","8,819","9,706.7","12,579.4","17,205.7","7,609.73","1,666.76","1,188.4",390.7
9,2018,148.5,138.3,135.3,,230.566,252.439,,12.592,149.326,3.8,3.7,"9,200","4,257","26,618","230,000","1,788.158","1,183.28","2,689.32",2.628,3.046,"6,113.3","8,841","9,707.2","12,588","17,242.4","7,529.58","1,531.05","1,228.2",430.6
10,2018,152.6,144.7,137.9,,231.524,252.885,,12.617,149.471,3.8,3.8,"9,315","3,582","27,152","229,900","1,825.426","1,165.3","2,632.02",2.643,3.138,"6,110.6","8,847.7","9,728.8","12,617.4","17,269.8","8,031.45","1,969.37","1,131.4",381.6
11,2018,138.8,134,136.4,,230.897,252.038,,12.638,149.573,3.8,3.8,"8,372","6,186","24,947","230,000","2,279.368","1,389.8","2,978.49",2.384,3.068,"6,117.5","8,858.9","9,734.1","12,640.3","17,280","6,889.39","2,368.44","1,201.8",386.7
12,2018,137.5,134.9,126.6,,230.148,251.233,,12.658,149.821,3.8,3.9,"7,317","7,755","25,654","235,000","2,800.687","1,461.53","2,865.26",2.074,2.907,"6,112.9","8,861","9,740.7","12,662.2","17,309.1","6,177.59","2,418.17","1,177.7",425.9
1,2019,146.7,146.1,121.7,,230.452,251.712,,12.685,150.1,3.7,4,"8,760","5,404","17,956","221,500","2,932.833","1,230.75","2,868.87",1.977,2.797,"6,118","8,881.3","9,752.7","12,682.4","17,309.7","6,221.92","2,179.69","1,174.6",373.6
2,2019,150.3,143.7,131.4,,230.854,252.776,,12.714,150.124,3.6,3.8,"8,974","7,175","22,495","230,000","2,195.937","1,216.55","2,758.02",2.08,2.803,"6,110.1","8,905.9","9,757.6","12,713.6","17,330.6","6,363.18","2,425.10","1,145.0",381.8
3,2019,133.5,129.8,124.2,,232.289,254.202,,12.721,150.348,3.5,3.8,"10,598","4,776","29,343","235,000","2,049.629","1,222.19","2,645.35",2.33,2.874,"6,118.3","8,915.6","9,781.3","12,728.7","17,353.9","7,774.41","2,500.28","1,070.5",386.6
4,2019,146,135.6,129.2,,233.504,255.548,,12.755,150.636,3.5,3.6,"10,705","5,294","31,881","240,000","2,831.743","1,237.82","2,784.39",2.589,2.901,"6,128.4","8,931.8","9,794.1","12,753.6","17,366.3","8,436.64","2,186.06","1,226.7",409.4
5,2019,137.6,132.5,131.3,,233.617,256.092,,12.784,150.713,3.4,3.6,"10,915","7,293","36,460","247,000","2,540.051","1,410.15","3,031.45",2.602,2.908,"6,125.4","8,941","9,786.9","12,777.1","17,389.9","8,076.96","2,152.46","1,200.4",411.6
6,2019,142.8,143.2,124.3,,233.424,256.143,,12.803,150.843,3.4,3.6,"9,976","5,481","33,896","249,990","4,020.648","1,301.14","2,838.58",2.437,2.834,"6,129.9","8,950.1","9,792.2","12,794.5","17,412.3","7,084.49","1,796.61","1,251.0",423.1
7,2019,151.3,142.5,135.8,,234.295,256.571,,12.839,150.921,3.5,3.7,"10,652","6,225","36,045","247,000","2,645.391","1,271.27","2,859.41",2.52,2.802,"6,132.4","8,973.8","9,797.7","12,835.4","17,446.4","7,910.79","1,866.43","1,194.5",385.2
8,2019,152.1,143.7,134.2,,234.151,256.558,,12.866,151.081,3.5,3.7,"11,441","7,845","35,231","245,000","2,877.214","1,369.22","2,981.07",2.405,2.761,"6,131.8","8,992.9","9,799.5","12,861.4","17,468.9","7,573.82","1,887.66","1,227.9",441.0
9,2019,140.6,128.8,126.3,,234.709,256.759,,12.878,151.244,3.6,3.5,"10,206","5,761","29,001","242,000","4,222.258","1,265.63","2,741.82",2.358,2.786,"6,125.6","8,993.8","9,803.8","12,873.9","17,483","7,773.72","1,721.41","1,254.0",407.3
10,2019,141.5,136,126.1,,235.202,257.346,,12.888,151.337,3.5,3.6,"11,415","8,938","29,254","241,040","2,807.842","1,240.89","2,825.71",2.324,2.804,"6,129","9,025.9","9,793","12,892.9","17,511.5","7,808.73","1,650.06","1,182.8",400.8
11,2019,144.4,133.7,126.8,,234.343,257.208,,12.92,151.589,3.5,3.6,"9,199","6,761","25,622","240,000","10,342.204","1,525.58","3,144.5",2.299,2.79,"6,126.8","9,038","9,809.8","12,925.7","17,560.4","8,058.36","1,739.93","1,250.5",419.0
12,2019,137.7,129.3,128.2,,233.658,256.974,,12.921,151.789,3.5,3.6,"9,343","4,931","29,745","249,000","3,169.984","1,561.8","3,046.28",2.285,2.774,"6,130.7","9,046","9,804.8","12,925.8","17,554.3","8,778.39","1,687.59","1,167.2",417.8
1,2020,148.2,141.3,130.4,,234.294,257.971,,12.953,152.128,3.4,3.5,"11,212","7,381","20,896","233,000","2,393.86","1,409.09","3,050.75",2.292,2.802,"6,151.8","9,063","9,831.2","12,956.2","17,620.8","8,445.00","1,415.29","1,168.5",398.8
2,2020,149.9,136.9,132.6,,234.868,258.678,,12.966,152.504,3.5,3.5,"11,314","4,820","24,694","244,000","2,862.794","1,349.19","2,896.16",2.161,2.674,"6,142.8","9,072.1","9,835.1","12,970","17,660.9","6,840.46","1,113.78","1,155.4",380.9
3,2020,120.6,116.2,118.8,,234.256,258.115,,12.897,151.006,5.1,4.4,"11,984","7,447","30,603","248,900","2,527.874","1,306.47","2,700.52",2.008,2.502,"6,090.7","8,999.4","9,728.6","12,906","17,484.1","4,374.29",942.09,"1,121.0",373.6
4,2020,92.6,91.4,85.7,,231.827,256.389,,11.519,130.513,12.6,14.7,"9,395","5,851","25,929","249,900","2,328.073","1,114.17","2,547.77",1.595,2.274,"5,318.6","7,802.9","7,852.4","11,517.4","14,946.1","2,027.42",838.63,"1,045.4",395.1
5,2020,97.8,97,85.9,,231.354,256.394,,11.757,133.155,11.8,13.2,"9,713","5,973","27,240","249,000","3,770.597","1,258.6","2,620.82",1.562,2.174,"5,329.8","8,050.9","8,011.3","11,756.7","15,132.7","1,919.28","1,215.42",788.4,341.0
6,2020,106.5,103.7,98.3,,233.254,257.797,,11.984,137.66,10.1,11,"12,032","5,437","38,383","260,000","3,568.01","1,471.29","2,693.48",1.804,2.182,"5,435","8,339.9","8,223.8","11,970.1","15,611.7","4,191.44","1,112.44",959.0,316.5
7,2020,89.8,88.8,91.7,,234.972,259.101,,12.007,139.048,9.3,10.2,"14,216","5,535","43,636","269,000","2,168.615","1,531.04","2,984.48",1.933,2.196,"5,563","8,399.6","8,361.8","11,993.5","15,664.6","4,904.38","1,110.96","1,120.0",426.0
8,2020,101.4,95,86.3,,234.478,259.198,,12.1,140.713,8.1,8.4,"14,167","3,863","38,206","265,146","2,951.503","1,483.02","2,750.7",1.918,2.179,"5,635.6","8,399.5","8,548.5","12,079.3","15,757.8","5,070.92","1,600.82","1,079.7",384.2
9,2020,104.6,102.1,101.8,,235.296,260.28,,12.173,141.632,7.7,7.9,"13,808","7,395","37,043","265,000","1,568.222","1,388.77","2,586.44",1.912,2.167,"5,655.6","8,460.8","8,747.2","12,145.8","15,874.1","4,490.94","1,555.81","1,126.4",374.3
10,2020,104.1,100,101.4,,235.321,260.388,,12.259,142.279,7.1,6.9,"14,302","4,345","36,358","269,000","2,433.811","1,515.5","2,723.31",1.878,2.145,"5,665.8","8,473.8","8,749.7","12,248.6","15,963.4","4,642.37","1,647.57","1,065.8",385.6
11,2020,112,100.6,92.9,,234.644,260.229,,12.314,142.612,6.9,6.7,"12,298","5,072","31,587","269,900","1,968.817","1,612.17","2,928.29",1.814,2.181,"5,646.5","8,474.6","8,753.6","12,299.5","16,013.3","4,761.67","2,026.60","1,128.4",531.5
12,2020,86.9,84.4,87.1,,235.079,260.474,,12.352,142.497,6.9,6.7,"14,485","5,796","36,497","270,000","3,249.78","1,633.89","2,880.4",1.932,2.339,"5,637.3","8,492","8,723.3","12,365.2","15,937.9","5,616.30","1,891.11","1,057.6",359.0
1,2021,100.7,94,87.1,,236.941,261.582,,12.397,143.017,6.7,6.4,"13,691","7,369","24,244","262,000","2,335.68","1,613.56","3,097.31",2.085,2.443,"5,660.5","8,492.5","8,768.6","12,404.2","15,857.9","6,314.73","1,680.74","1,091.5",401.7
2,2021,98.9,97.5,95.2,,238.141,263.014,,12.352,143.727,6.6,6.2,"12,058","6,363","24,054","275,000","2,057.06","1,380.5","2,555.08",2.259,2.604,"5,697.8","8,521.4","8,784.1","12,401.8","16,014","5,229.06","4,996.12","1,059.7",397.6
3,2021,125.5,119.1,114.9,,240.542,264.877,,12.476,144.431,6.4,6,"17,128","6,872","35,281","282,888","2,804.66","1,403.73","2,565.57",2.585,2.94,"5,726.7","8,552","8,853","12,511.5","16,146.4","7,984.61","3,254.60",871.4,312.9
4,2021,127.5,118.2,117.5,,242.815,267.054,,12.543,144.694,6.2,6,"16,286","8,333","35,948","290,500","2,757.59","1,860.15","3,409.86",2.605,2.925,"5,728.3","8,577.8","8,879.9","12,526.5","16,248.4","7,567.16","3,019.39","1,196.0",457.6
5,2021,131.5,119.3,120,,244.864,269.195,,12.595,145.141,5.9,5.8,"15,854","4,921","37,589","300,250","3,481.19","1,876","3,384.85",2.74,2.995,"5,732.6","8,616.9","8,878.4","12,568.5","16,343.1","8,221.81","3,433.29","1,181.4",424.8
6,2021,133.1,131.6,128.9,,246.468,271.696,,12.652,145.698,5.9,5.9,"15,810","9,278","41,275","310,000","3,352.5","1,722.64","3,138.8",2.785,3.04,"5,758.7","8,688.2","8,891.8","12,627.4","16,414.6","8,699.14","3,769.99","1,208.3",400.5
7,2021,121.4,112.5,125.1,,246.922,273.003,,12.776,146.387,5.6,5.4,"13,898","7,158","39,250","310,000","2,428.97","1,761.34","3,378.82",2.861,3.08,"5,796.8","8,761.7","8,936.1","12,721","16,527.8","9,227.60","4,621.80","1,185.0",414.9
8,2021,117.6,116.8,115.2,,247.465,273.567,,12.802,147.221,5.3,5.2,"13,444","9,678","38,668","310,000","2,646.71","1,761.34","3,306.24",2.867,3.07,"5,829.5","8,995.9","9,086.6","12,802.3","16,954.9","8,733.75","4,880.59","1,227.3",462.8
9,2021,121.3,111.2,109.8,,248.346,274.31,,12.852,147.778,5.1,4.7,"12,812","5,411","36,811","308,000","3,301.34","1,677.76","3,153",2.859,3.116,"5,846.8","9,031.3","9,151.1","12,851.9","16,959.8","9,138.66","5,458.53","1,231.6",407.4
10,2021,106.1,103.7,111.6,,250.441,276.589,,13.002,148.559,4.9,4.6,"13,661","5,356","33,730","310,000","3,351.82","1,721.93","3,375.1",2.976,3.361,"5,898.9","9,145.5","9,268.7","13,001.5","17,212.4","10,694.11","6,763.96","1,181.2",451.6
11,2021,115.8,104.3,111.9,,251.202,277.948,,13.0508,149.173,4.6,4.2,"12,401","6,140","32,639","315,000","2,739.47","1,871.52","3,576.38",3.073,3.471,"5,919.8","9,185.4","9,311.1","13,050.8","17,275.9","10,087.87","6,233.73","1,221.9",482.2
12,2021,115.6,113.3,115.2,,251.847,278.802,,13.1289,149.742,4.5,3.9,"13,514","8,800","35,765","321,000","2,740.25","2,014.78","3,585.94",2.967,3.361,"5,954","9,216.1","9,362.6","13,128.9","17,340.8","9,525.93","5,384.92","1,188.0",402.0
1,2022,120.1,114,111.1,,254.537,281.148,,13.1343,150.106,4.3,4,"15,315","8,124","25,061","313,496","4,245.51","1,967.85","3,847.78",3.005,3.463,"5,952.1","9,218.3","9,348","13,134.3","17,382","10,865.83","5,355.06","1,199.5",302.6
2,2022,113.4,106.2,105.7,,257.225,283.716,,13.216,151.01,4.1,3.8,"15,110","5,625","27,399","325,000","3,299.38","1,570.79","3,228.94",3.253,3.804,"5,968.8","9,278.9","9,412.9","13,216","17,508.7","10,797.38","6,284.20","1,110.2",422.9
3,2022,108.4,100.9,107.6,,261.47,287.504,,13.2651,151.424,3.9,3.6,"18,281","8,621","35,330","335,000","3,190.51","1,809.17","3,369.38",3.938,4.937,"5,988.9","9,296.5","9,442.5","13,265.1","17,568.3","14,734.36","6,880.65","1,033.4",375.8
4,2022,120.7,108.8,108.6,,263.759,289.109,,13.352,151.678,3.8,3.6,"16,565","9,266","34,041","349,750","3,199.36","1,889.16","3,798.19",3.784,4.885,"6,009.5","9,365.7","9,438.8","13,352","17,627.6","13,686.61","8,282.23","1,222.6",479.1
5,2022,103.4,101.1,103.2,,266.847,292.296,,13.395100000000001,152.042,3.8,3.6,"15,402","9,333","36,741","360,000","5,003.74","1,900.65","3,695.08",4.165,5.248,"6,015.9","9,394.6","9,475.5","13,395.1","17,645.2","14,741.37","8,505.78","1,204.8",423.2
6,2022,101.2,97.4,98.4,,270.918,296.311,,13.4145,152.412,3.8,3.6,"14,961","11,285","37,492","360,000","4,560.18","1,904.4","3,685.62",4.67,5.393,"6,023.1","9,412.5","9,503.2","13,414.5","17,675","15,110.18","7,342.46","1,250.3",400.2
7,2022,96.8,91.1,95.3,,270.424,296.276,,13.533100000000001,152.98,3.8,3.5,"11,387","13,366","32,571","350,000","3,233.65","1,872.61","3,868.89",4.144,5.135,"6,067.5","9,483.1","9,560.1","13,533.1","17,731.7","13,962.69","7,730.56","1,178.9",468.7
8,2022,101.9,96.5,103.6,,270.49,296.171,,13.5792,153.332,3.8,3.7,"12,549","8,357","33,831","343,872","14,039.55","1,868.6","3,749.68",3.535,4.706,"6,072.3","9,522.9","9,588.4","13,579.2","17,761.8","13,066.22","8,943.11","1,189.2",445.0
9,2022,104.7,101.3,107.8,,271.469,296.808,,13.6234,153.682,3.9,3.5,"10,825","8,850","31,020","340,370","9,348.88","1,805.82","3,706.64",3.194,4.717,"6,082.7","9,556.8","9,590.4","13,623.4","17,783.9","8,919.56","8,019.93","1,221.4",454.6
10,2022,103.8,99.1,102.2,,270.924,298.012,,13.6552,154.006,4,3.7,"9,970","10,721","26,196","335,000","7,696.91","1,863.04","3,821.49",3.23,4.885,"6,070.8","9,570","9,592.5","13,655.2","17,778.1","12,534.87","5,727.06","1,183.0",398.5
11,2022,103.4,96,101.4,,270.579,297.711,,13.6801,154.296,4,3.6,"8,222","6,171","23,102","330,000","3,533.33","1,994.62","3,947.99",3.065,4.826,"6,076.6","9,579.8","9,606.7","13,680.1","17,788.4","11,797.17","5,082.25","1,240.0",450.9
12,2022,101.3,98.6,109,,268.366,296.797,,13.707799999999999,154.535,4.1,3.5,"7,346","8,126","25,117","331,000","12,947.14","2,015.16","3,967.34",2.719,4.309,"6,070.7","9,612.1","9,614.5","13,707.8","17,794","9,270.19","5,209.52","1,180.8",437.0
1,2023,114.1,105.7,106,,270.886,299.17,,13.7895,154.773,4.1,3.4,"8,142","9,288","18,008","319,000","3,224.03","2,016.92","4,101.5",3.026,4.277,"6,108.9","9,645","9,661.1","13,789.5","17,781.6","10,889.48","2,660.26","1,203.3",375.0
2,2023,111.3,104,103.4,,273.112,300.84,,13.812299999999999,155.06,4,3.6,"9,753","8,374","23,503","325,000","2,903.45","1,735.37","3,698.41",3.033,4.132,"6,109.3","9,661.4","9,669.6","13,812.3","17,791.4","9,635.94","1,379.56","1,134.3",416.0
3,2023,109.2,107.1,104,,274.636,301.836,,13.845,155.206,4,3.5,"13,772","6,899","30,867","330,043","3,394.67","1,841.12","3,596.14",3.097,3.959,"6,113","9,688","9,680.7","13,845","17,778.5","10,614.34","1,653.47","1,087.1",376.9
4,2023,111.9,109.7,103.7,,276.653,303.363,,13.853,155.484,4,3.4,"12,854","4,500","28,522","337,000","3,686.31","1,997.4","4,071.44",3.335,3.867,"6,106.3","9,709.1","9,678.6","13,853","17,784.8","11,026.36","1,263.42","1,177.7",440.4
5,2023,105.6,100,102.5,,277.404,304.127,,13.8789,155.787,4,3.7,"14,233","9,068","34,391","345,000","4,552.85","1,892.05","3,843.43",3.139,3.619,"6,107.1","9,729.4","9,707.8","13,878.9","17,826.2",,,"1,283.5",448.6
6,2023,112.5,107,110.1,,278.22,305.109,,13.9214,156.027,3.9,3.6,"15,165","6,752","34,286","347,990","5,247.44","1,935.52","3,913.31",3.201,3.5,"6,134.1","9,765","9,728.1","13,921.4","17,832.4",,,"1,254.0",400.1
7,2023,130,123.5,114,,278.448,305.691,,13.9009,156.211,3.9,3.5,"12,559","6,957","29,767","345,000","3,332.56","1,899.9","3,966.88",3.312,3.59,"6,119.2","9,760.3","9,728.9","13,900.9","17,791",,,"1,227.1",447.4
8,2023,108.8,102.4,108.7,,280.209,307.026,,13.9368,156.421,3.9,3.8,"15,190","7,424","31,494","340,000","4,470.35","1,914.98","3,916.93",3.498,4.08,"6,118.4","9,773.5","9,737.3","13,936.8","17,803.9",,,"1,237.1",441.9
9,2023,97.4,91.8,104.3,,281.414,307.789,,13.9625,156.667,3.9,3.8,"11,438","6,774","26,417","338,000","5,459.49","1,842.89","3,869.46",3.434,4.254,"6,132.3","9,792.4","9,749.6","13,962.5","17,832.4",,,"1,272.0",408.3
10,2023,116.1,104.8,99.1,,280.609,307.671,,14.001700000000001,156.832,3.9,3.8,"12,925","7,965","24,655","330,000","3,996.55","1,803.68","3,802.5",3.156,4.167,"6,101.9","9,812.8","9,737.5","14,001.7","17,878.1",,,"1,200.2",401.9
11,2023,113.3,101,101,,281.688,307.051,,14.0124,157.014,3.9,3.7,"11,015","4,174","22,810","325,000","3,071.75","1,955.78","4,071.65",2.824,3.898,"6,107.2","9,846.6","9,736","14,012.4","17,907.4",,,"1,252.9",413.0
12,2023,120.4,104.1,108,,281.716,306.746,,14.0345,157.304,3.9,3.7,"10,221","4,197","23,404","335,000","9,591.75","2,170.22","4,065.28",2.683,3.639,"6,100.6","9,865.8","9,762.5","14,034.5","17,948.9",,,"1,190.6",428.2
1,2024,124.3,113.5,110.9,,283.863,308.417,,14.0539,157.56,3.9,3.7,"12,858","6,201","19,340","324,900","7,053.93","2,045.73","4,101.09",2.749,3.583,"6,099.7","9,893.1","9,802.5","14,053.9","17,974.5",,,"1,176.3",382.3
2,2024,117.8,109.4,104.8,,285.363,310.326,,14.0966,157.83,3.9,3.9,"13,596","3,602","24,074","333,000","3,900.99","1,773.69","3,695.07",2.918,3.795,"6,126.4","9,888.7","9,801.2","14,096.6","17,967.9",,,,
3,2024,121.7,112.6,104.7,,286.627,312.332,,14.1157,158.133,3.9,3.8,,,"28,947","337,900","5,259.06","1,896.39","3,769.35",3.109,3.724,"6,139.1","9,899.1","9,825.1","14,115.7","17,996.2",,,,
4,2024,,,,,,,,,,,,,,,,,,,,,,,,,,,,,
5,2024,,,,,,,,,,,,,,,,,,,,,,,,,,,,,
