Id,FiscalYear,Year,DistilledSpiritsTotalTax,Month,Population1,Population2,DistilledSpiritsTotalGallons,DistilledSpiritsPerCapitaConsumption,DistilledSpiritsTaxRatePerGallon,WineTotalTaxCollections,WineTotalGallonsEstimated,WinePerCapitaConsumptionEstimated,AvgWineRate,LowWineTaxRatePerGallon,HighWineTaxRatePerGallon,SparklingWineTaxRatePerGallon,BeerTotalTax,BeerTotalGallons,BeerPerCapitaConsumption,BeerTaxRatePerGallon,AleTotalTax,AleTotalGallons,AlePerCapitaConsumption,AleTaxRatePerGallon
200401,2004,2004,"7,588,838.44",1,"21,120,416","21,372,008","3,162,016",0.1497,2.4,"1,117,136.98","3,787,162",0.1793,0.29498,0.204,0.408,0.516,"9,425,512.5","48,698,579",2.3058,0.193548,"440,011.24","2,222,279",0.1052,0.198
200402,2004,2004,"2,858,586.56",2,"21,120,416","21,372,008","1,191,078",0.0564,2.4,"479,834.74","1,991,792",0.0943,0.240906,0.204,0.408,0.516,"7,329,422.21","37,868,757",1.793,0.193548,"370,429.9","1,870,858",0.0886,0.198
200403,2004,2004,"4,035,812.45",3,"21,120,416","21,372,008","1,681,589",0.0796,2.4,"602,753.12","2,474,661",0.1172,0.24357,0.204,0.408,0.516,"6,823,183.8","35,253,187",1.6692,0.193548,"359,926.58","1,817,811",0.0861,0.198
200404,2004,2004,"4,623,249.96",4,"21,120,416","21,372,008","1,926,354",0.0912,2.4,"671,908.71","2,781,804",0.1317,0.241537,0.204,0.408,0.516,"8,788,742.3","45,408,593",2.15,0.193548,"430,730.89","2,175,409",0.103,0.198
200405,2004,2004,"4,357,139.87",5,"21,120,416","21,372,008","1,815,475",0.086,2.4,"652,503.77","2,672,027",0.1265,0.244198,0.204,0.408,0.516,"9,135,415.74","47,199,742",2.2348,0.193548,"433,642.41","2,190,113",0.1037,0.198
200406,2004,2004,"3,912,779.64",6,"21,120,416","21,372,008","1,630,325",0.0772,2.4,"640,612.57","2,626,764",0.1244,0.243879,0.204,0.408,0.516,"9,356,278.78","48,340,870",2.2888,0.193548,"435,028.31","2,197,113",0.104,0.198
200407,2004,2004,"5,081,579.29",7,"21,120,416","21,372,008","2,117,325",0.1003,2.4,"641,664.41","2,607,703",0.1235,0.246065,0.204,0.408,0.516,"9,468,532.49","48,920,849",2.3163,0.193548,"448,581.24","2,265,562",0.1073,0.198
200408,2004,2004,"3,553,839.58",8,"21,120,416","21,372,008","1,480,766",0.0701,2.4,"612,299.68","2,517,959",0.1192,0.243173,0.204,0.408,0.516,"9,362,143.39","48,371,171",2.2903,0.193548,"445,284.66","2,248,912",0.1065,0.198
200409,2005,2004,"4,595,975.95",9,"21,372,008","21,372,008","1,914,990",0.0896,2.4,"609,108.97","2,493,242",0.1167,0.244304,0.204,0.408,0.516,"9,237,530.3","47,727,335",2.2332,0.193548,"446,656.5","2,255,841",0.1056,0.198
200410,2005,2004,"4,201,006.2",10,"21,372,008","21,372,008","1,750,419",0.0819,2.4,"660,954.08","2,722,766",0.1274,0.242751,0.204,0.408,0.516,"8,906,188.74","46,015,401",2.1531,0.193548,"450,619.62","2,275,857",0.1065,0.198
200411,2005,2004,"3,772,970.22",11,"21,372,008","21,372,008","1,572,071",0.0736,2.4,"670,884.8","2,676,367",0.1252,0.25067,0.204,0.408,0.516,"8,227,410.37","42,508,372",1.989,0.193548,"432,107.85","2,182,363",0.1021,0.198
200412,2005,2004,"4,909,063.98",12,"21,372,008","21,372,008","2,045,443",0.0957,2.4,"829,250.98","3,217,031",0.1505,0.257769,0.204,0.408,0.516,"8,276,013.8","42,759,490",2.0007,0.193548,"448,126.88","2,263,267",0.1059,0.198
200501,2005,2005,"8,039,716.32",1,"21,372,008","21,372,008","3,349,882",0.1567,2.4,"1,173,776.9","3,961,127",0.1853,0.296324,0.204,0.408,0.516,"8,983,474.51","46,414,711",2.1718,0.193548,"477,693.12","2,412,592",0.1129,0.198
200502,2005,2005,"2,601,702.92",2,"21,372,008","21,372,008","1,084,043",0.0507,2.4,"474,844.29","1,959,761",0.0917,0.242297,0.204,0.408,0.516,"6,413,483.93","33,136,400",1.5505,0.193548,"379,443.62","1,916,382",0.0897,0.198
200503,2005,2005,"3,815,975.36",3,"21,372,008","21,372,008","1,589,990",0.0744,2.4,"639,765.71","2,638,166",0.1234,0.242504,0.204,0.408,0.516,"6,946,055.19","35,888,024",1.6792,0.193548,"408,052.17","2,060,870",0.0964,0.198
200504,2005,2005,"4,900,070.97",4,"21,372,008","21,372,008","2,041,696",0.0955,2.4,"714,138.05","2,939,493",0.1375,0.242946,0.204,0.408,0.516,"9,044,519.89","46,730,113",2.1865,0.193548,"499,585.53","2,523,159",0.1181,0.198
200505,2005,2005,"4,418,553.34",5,"21,372,008","21,372,008","1,841,064",0.0861,2.4,"633,830.33","2,583,519",0.1209,0.245336,0.204,0.408,0.516,"8,579,582.14","44,327,930",2.0741,0.193548,"447,471.87","2,259,959",0.1057,0.198
200506,2005,2005,"4,295,388.69",6,"21,372,008","21,372,008","1,789,745",0.0837,2.4,"717,136.07","2,910,573",0.1362,0.24639,0.204,0.408,0.516,"9,811,523.56","50,692,973",2.3719,0.193548,"499,461.72","2,522,534",0.118,0.198
200507,2005,2005,"5,533,566.37",7,"21,372,008","21,372,008","2,305,653",0.1079,2.4,"713,709.87","2,928,954",0.137,0.243674,0.204,0.408,0.516,"9,965,265.09","51,487,306",2.4091,0.193548,"517,621.24","2,614,249",0.1223,0.198
200508,2005,2005,"3,248,039.73",8,"21,372,008","21,372,008","1,353,350",0.0633,2.4,"594,804.59","2,417,374",0.1131,0.246054,0.204,0.408,0.516,"8,582,582.77","44,343,433",2.0748,0.193548,"435,544.35","2,199,719",0.1029,0.198
200509,2006,2005,"4,556,053.98",9,"22,725,059","22,725,059","1,898,356",0.0835,2.4,"667,185.57","2,717,317",0.1196,0.245531,0.204,0.408,0.516,"9,694,787.21","50,089,834",2.2042,0.193548,"516,123.45","2,606,684",0.1147,0.198
200510,2006,2005,"4,072,885.55",10,"22,725,059","22,725,059","1,697,036",0.0747,2.4,"673,649.76","2,737,924",0.1205,0.246044,0.204,0.408,0.516,"8,948,379.81","46,233,388",2.0345,0.193548,"485,052.65","2,449,761",0.1078,0.198
200511,2006,2005,"4,438,372.48",11,"22,725,059","22,725,059","1,849,322",0.0814,2.4,"744,182.13","2,931,213",0.129,0.253882,0.204,0.408,0.516,"8,520,455.26","44,022,440",1.9372,0.193548,"485,211.58","2,450,564",0.1078,0.198
200512,2006,2005,"5,472,758.54",12,"22,725,059","22,725,059","2,280,316",0.1003,2.4,"941,246.23","3,577,115",0.1574,0.26313,0.204,0.408,0.516,"8,720,051.69","45,053,691",1.9826,0.193548,"490,211.52","2,475,816",0.1089,0.198
200601,2006,2006,"7,803,865.3",1,"22,725,059","22,725,059","3,251,611",0.1431,2.4,"1,148,466.03","3,949,442",0.1738,0.290792,0.204,0.408,0.516,"8,927,694.15","46,126,512",2.0298,0.193548,"523,662.54","2,644,760",0.1164,0.198
200602,2006,2006,"3,438,433.45",2,"22,725,059","22,725,059","1,432,681",0.063,2.4,"600,028.23","2,316,559",0.1019,0.259017,0.204,0.408,0.516,"6,831,061.88","35,293,890",1.5531,0.193548,"481,288.41","2,430,750",0.107,0.198
200603,2006,2006,"4,295,056.53",3,"22,725,059","22,725,059","1,789,607",0.0788,2.4,"692,045.2","2,819,978",0.1241,0.245408,0.204,0.408,0.516,"7,469,882.45","38,594,470",1.6983,0.193548,"479,545.65","2,421,948",0.1066,0.198
200604,2006,2006,"5,363,113.24",4,"22,725,059","22,725,059","2,234,631",0.0983,2.4,"757,842.82","3,104,272",0.1366,0.244129,0.204,0.408,0.516,"8,803,968.36","45,487,261",2.0016,0.193548,"541,158.37","2,733,123",0.1203,0.198
200605,2006,2006,"4,521,590.95",5,"22,725,059","22,725,059","1,883,996",0.0829,2.4,"670,869.9","2,735,052",0.1204,0.245286,0.204,0.408,0.516,"9,051,190.87","46,764,580",2.0578,0.193548,"486,412.23","2,456,627",0.1081,0.198
200606,2006,2006,"4,735,321.97",6,"22,725,059","22,725,059","1,973,051",0.0868,2.4,"782,956.94","3,170,290",0.1395,0.246967,0.204,0.408,0.516,"10,585,712.83","54,692,959",2.4067,0.193548,"573,501.08","2,896,470",0.1275,0.198
200607,2006,2006,"5,808,416.96",7,"22,725,059","22,725,059","2,420,174",0.1065,2.4,"750,405.2","3,048,569",0.1342,0.24615,0.204,0.408,0.516,"10,213,172.71","52,768,165",2.322,0.193548,"556,308.78","2,809,640",0.1236,0.198
200608,2006,2006,"3,575,908.21",8,"22,725,059","22,725,059","1,489,962",0.0656,2.4,"665,121.93","2,694,296",0.1186,0.246863,0.204,0.408,0.516,"8,324,485.9","43,009,930",1.8926,0.193548,"496,786.6","2,509,023",0.1104,0.198
200609,2007,2006,"5,130,062",9,"23,065,097","23,065,097","2,137,526",0.0927,2.4,"710,604","2,858,400",0.1239,0.248602,0.204,0.408,0.516,"10,311,427","53,275,813",2.3098,0.193548,"560,938","2,833,020",0.1228,0.198
200610,2007,2006,"4,424,918",10,"23,065,097","23,065,097","1,843,716",0.0799,2.4,"732,591","2,970,670",0.1288,0.246608,0.204,0.408,0.516,"8,343,021","43,105,695",1.8689,0.193548,"511,810","2,584,899",0.1121,0.198
200611,2007,2006,"4,608,386",11,"23,065,097","23,065,097","1,920,161",0.0832,2.4,"824,362","3,225,595",0.1398,0.255569,0.204,0.408,0.516,"8,728,779","45,098,782",1.9553,0.193548,"542,217","2,738,470",0.1187,0.198
200612,2007,2006,"5,521,591",12,"23,065,097","23,065,097","2,300,663",0.0997,2.4,"957,360","3,631,742",0.1575,0.263609,0.204,0.408,0.516,"8,843,219","45,690,056",1.9809,0.193548,"554,412","2,800,061",0.1214,0.198
200701,2007,2007,"7,835,581",1,"23,065,097","23,065,097","3,264,825",0.1415,2.4,"1,261,323","4,261,457",0.1848,0.295984,0.204,0.408,0.516,"8,747,322","45,194,587",1.9594,0.193548,"552,367","2,789,732",0.121,0.198
200702,2007,2007,"3,547,057",2,"23,065,097","23,065,097","1,477,940",0.0641,2.4,"610,679","2,497,042",0.1083,0.244561,0.204,0.408,0.516,"7,177,606","37,084,372",1.6078,0.193548,"491,929","2,484,490",0.1077,0.198
200703,2007,2007,"4,511,087",3,"23,065,097","23,065,097","1,879,620",0.0815,2.4,"792,768","3,207,081",0.139,0.247193,0.204,0.408,0.516,"7,074,187","36,550,039",1.5846,0.193548,"473,059","2,389,187",0.1036,0.198
200704,2007,2007,"5,451,472",4,"23,065,097","23,065,097","2,271,447",0.0985,2.4,"793,626","3,243,579",0.1406,0.244676,0.204,0.408,0.516,"8,938,976","46,184,802",2.0024,0.193548,"571,992","2,888,848",0.1252,0.198
200705,2007,2007,"4,616,330",5,"23,065,097","23,065,097","1,923,471",0.0834,2.4,"754,158","3,036,246",0.1316,0.248385,0.204,0.408,0.516,"8,585,159","44,356,744",1.9231,0.193548,"539,615","2,725,328",0.1182,0.198
200706,2007,2007,"5,027,747",6,"23,065,097","23,065,097","2,094,895",0.0908,2.4,"850,632","3,400,053",0.1474,0.250182,0.204,0.408,0.516,"10,485,184","54,173,559",2.3487,0.193548,"606,286","3,062,051",0.1328,0.198
200707,2007,2007,"6,013,833",7,"23,065,097","23,065,097","2,505,764",0.1086,2.4,"750,082","3,015,454",0.1307,0.248746,0.204,0.408,0.516,"9,460,347","48,878,557",2.1192,0.193548,"678,891","3,428,742",0.1487,0.198
200708,2007,2007,"4,040,125",8,"23,065,097","23,065,097","1,683,385",0.073,2.4,"751,361","3,028,350",0.1313,0.248109,0.204,0.408,0.516,"9,004,591","46,523,813",2.0171,0.193548,"562,483","2,840,823",0.1232,0.198
200709,2008,2007,"5,305,907",9,"23,386,278","23,386,278","2,210,795",0.0945,2.4,"770,994","3,111,318",0.133,0.247803,0.204,0.408,0.516,"10,611,701","54,827,231",2.3444,0.193548,"654,530","3,305,707",0.1414,0.198
200710,2008,2007,"4,350,154",10,"23,386,278","23,386,278","1,812,564",0.0775,2.4,"729,983","2,910,827",0.1245,0.250782,0.204,0.408,0.516,"8,080,556","41,749,623",1.7852,0.193548,"536,730","2,710,758",0.1159,0.198
200711,2008,2007,"5,259,161",11,"23,386,278","23,386,278","2,191,317",0.0937,2.4,"944,663","3,699,005",0.1582,0.255383,0.204,0.408,0.516,"9,360,541","48,362,892",2.068,0.193548,"614,343","3,102,742",0.1327,0.198
200712,2008,2007,"5,469,081",12,"23,386,278","23,386,278","2,278,784",0.0974,2.4,"1,014,139","3,812,653",0.163,0.265993,0.204,0.408,0.516,"9,030,426","46,657,294",1.9951,0.193548,"612,373","3,092,793",0.1322,0.198
200801,2008,2008,"8,770,624",1,"23,386,278","23,386,278","3,654,427",0.1563,2.4,"1,308,300","4,409,564",0.1886,0.296696,0.204,0.408,0.516,"9,132,679","47,185,603",2.0177,0.193548,"615,888","3,110,545",0.133,0.198
200802,2008,2008,"3,578,047",2,"23,386,278","23,386,278","1,490,853",0.0637,2.4,"643,867","2,573,564",0.11,0.250185,0.204,0.408,0.516,"7,462,281","38,555,196",1.6486,0.193548,"557,089","2,813,581",0.1203,0.198
200803,2008,2008,"4,713,889",3,"23,386,278","23,386,278","1,964,120",0.084,2.4,"833,430","3,354,248",0.1434,0.24847,0.204,0.408,0.516,"7,451,282","38,498,367",1.6462,0.193548,"541,008","2,732,364",0.1168,0.198
200804,2008,2008,"5,549,163",4,"23,386,278","23,386,278","2,312,151",0.0989,2.4,"873,386","3,391,053",0.145,0.257556,0.204,0.408,0.516,"8,841,443","45,680,880",1.9533,0.193548,"601,668","3,038,727",0.1299,0.198
200805,2008,2008,"5,096,828",5,"23,386,278","23,386,278","2,123,678",0.0908,2.4,"817,949","3,227,234",0.138,0.253452,0.204,0.408,0.516,"9,456,418","48,858,257",2.0892,0.193548,"663,396","3,350,485",0.1433,0.198
200806,2008,2008,"5,087,614",6,"23,386,278","23,386,278","2,119,839",0.0906,2.4,"837,537","3,345,945",0.1431,0.250314,0.204,0.408,0.516,"10,560,681","54,563,628",2.3331,0.193548,"665,121","3,359,197",0.1436,0.198
200807,2008,2008,"6,519,509",7,"23,386,278","23,386,278","2,716,462",0.1162,2.4,"828,265","3,300,899",0.1411,0.250921,0.204,0.408,0.516,"9,881,346","51,053,723",2.1831,0.193548,"625,169","3,157,419",0.135,0.198
200808,2008,2008,"4,713,493",8,"23,386,278","23,386,278","1,963,955",0.084,2.4,"794,864","3,159,337",0.1351,0.251592,0.204,0.408,0.516,"10,398,676","53,726,600",2.2974,0.193548,"661,744","3,342,141",0.1429,0.198
200809,2009,2008,"4,811,793",9,"24,417,278","24,417,278","2,004,914",0.0821,2.4,"732,091","2,940,054",0.1204,0.249006,0.204,0.408,0.516,"9,758,580","50,419,431",2.0649,0.193548,"636,294","3,213,606",0.1316,0.198
200810,2009,2008,"4,680,704",10,"24,417,278","24,417,278","1,950,293",0.0799,2.4,"839,288","3,376,669",0.1383,0.248555,0.204,0.408,0.516,"9,430,570","48,724,709",1.9955,0.193548,"628,445","3,173,965",0.13,0.198
200811,2009,2008,"5,967,847",11,"24,417,278","24,417,278","2,486,603",0.1018,2.4,"949,347","3,709,111",0.1519,0.25595,0.204,0.408,0.516,"9,611,697","49,660,534",2.0338,0.193548,"723,733","3,655,217",0.1497,0.198
200812,2009,2008,"5,125,754",12,"24,417,278","24,417,278","2,135,731",0.0875,2.4,"966,227","3,735,770",0.153,0.258642,0.204,0.408,0.516,"8,242,092","42,584,227",1.744,0.193548,"632,287","3,193,369",0.1308,0.198
200901,2009,2009,"9,174,755",1,"24,417,278","24,417,278","3,822,815",0.1566,2.4,"1,390,398","4,651,016",0.1905,0.298945,0.204,0.408,0.516,"10,046,407","51,906,540",2.1258,0.193548,"717,763","3,625,066",0.1485,0.198
200902,2009,2009,"3,572,830",2,"24,417,278","24,417,278","1,488,679",0.061,2.4,"680,065","2,722,852",0.1115,0.249762,0.204,0.408,0.516,"7,392,283","38,193,539",1.5642,0.193548,"586,463","2,961,934",0.1213,0.198
200903,2009,2009,"4,753,443",3,"24,417,278","24,417,278","1,980,601",0.0811,2.4,"850,946","3,420,668",0.1401,0.248766,0.204,0.408,0.516,"7,539,829","38,955,861",1.5954,0.193548,"604,451","3,052,783",0.125,0.198
200904,2009,2009,"5,663,066",4,"24,417,278","24,417,278","2,359,611",0.0966,2.4,"883,358","3,588,975",0.147,0.246131,0.204,0.408,0.516,"9,084,280","46,935,541",1.9222,0.193548,"706,935","3,570,379",0.1462,0.198
200905,2009,2009,"5,400,060",5,"24,417,278","24,417,278","2,250,025",0.0921,2.4,"840,370","3,334,047",0.1365,0.252057,0.204,0.408,0.516,"9,511,048","49,140,513",2.0125,0.193548,"682,281","3,445,864",0.1411,0.198
200906,2009,2009,"5,052,867",6,"24,417,278","24,417,278","2,105,361",0.0862,2.4,"831,894","3,308,243",0.1355,0.251461,0.204,0.408,0.516,"9,947,750","51,396,811",2.1049,0.193548,"718,444","3,628,505",0.1486,0.198
200907,2009,2009,"7,276,166",7,"24,417,278","24,417,278","3,031,736",0.1242,2.4,"887,015","3,570,727",0.1462,0.248413,0.204,0.408,0.516,"10,412,239","53,796,676",2.2032,0.193548,"726,574","3,669,566",0.1503,0.198
200908,2009,2009,"4,448,532",8,"24,417,278","24,417,278","1,853,555",0.0759,2.4,"818,777","3,316,458",0.1358,0.246883,0.204,0.408,0.516,"10,229,871","52,854,439",2.1646,0.193548,"735,554","3,714,919",0.1521,0.198
200909,2010,2009,"4,549,356",9,"24,908,333","24,908,333","1,895,565",0.0761,2.4,"778,867","3,123,953",0.1254,0.249321,0.204,0.408,0.516,"9,216,364","47,617,976",1.9117,0.193548,"746,806","3,771,747",0.1514,0.198
200910,2010,2009,"5,049,107",10,"24,908,333","24,908,333","2,103,795",0.0845,2.4,"852,750","3,399,835",0.1365,0.250821,0.204,0.408,0.516,"9,438,582","48,766,105",1.9578,0.193548,"763,361","3,855,359",0.1548,0.198
200911,2010,2009,"5,570,040",11,"24,908,333","24,908,333","2,320,850",0.0932,2.4,"978,149","3,798,917",0.1525,0.257481,0.204,0.408,0.516,"8,473,585","43,780,277",1.7577,0.193548,"738,156","3,728,061",0.1497,0.198
200912,2010,2009,"5,344,189",12,"24,908,333","24,908,333","2,226,745",0.0894,2.4,"1,038,832","3,953,058",0.1587,0.262792,0.204,0.408,0.516,"8,422,492","43,516,296",1.7471,0.193548,"722,930","3,651,162",0.1466,0.198
201001,2010,2010,"9,603,411",1,"24,908,333","24,908,333","4,001,421",0.1606,2.4,"1,465,574","4,891,328",0.1964,0.299627,0.204,0.408,0.516,"9,188,055","47,471,712",1.9059,0.193548,"810,067","4,091,247",0.1643,0.198
201002,2010,2010,"3,548,833",2,"24,908,333","24,908,333","1,478,680",0.0594,2.4,"666,902","2,709,156",0.1088,0.246166,0.204,0.408,0.516,"6,417,024","33,154,690",1.3311,0.193548,"602,176","3,041,293",0.1221,0.198
201003,2010,2010,"4,855,001",3,"24,908,333","24,908,333","2,022,917",0.0812,2.4,"843,597","3,388,634",0.136,0.248949,0.204,0.408,0.516,"7,039,275","36,369,660",1.4601,0.193548,"660,017","3,333,419",0.1338,0.198
201004,2010,2010,"5,821,401",4,"24,908,333","24,908,333","2,425,584",0.0974,2.4,"965,777","3,886,786",0.156,0.248477,0.204,0.408,0.516,"9,031,468","46,662,678",1.8734,0.193548,"812,759","4,104,843",0.1648,0.198
201005,2010,2010,"5,860,698",5,"24,908,333","24,908,333","2,441,958",0.098,2.4,"918,364","3,669,141",0.1473,0.250294,0.204,0.408,0.516,"9,367,857","48,400,691",1.9432,0.193548,"805,187","4,066,601",0.1633,0.198
201006,2010,2010,"5,120,480",6,"24,908,333","24,908,333","2,133,533",0.0857,2.4,"920,924","3,645,910",0.1464,0.252591,0.204,0.408,0.516,"9,905,833","51,180,240",2.0547,0.193548,"840,234","4,243,606",0.1704,0.198
201007,2010,2010,"7,340,361",7,"24,908,333","24,908,333","3,058,484",0.1228,2.4,"914,842","3,613,777",0.1451,0.253154,0.204,0.408,0.516,"10,227,579","52,842,597",2.1215,0.193548,"852,844","4,307,293",0.1729,0.198
201008,2010,2010,"4,187,298",8,"24,908,333","24,908,333","1,744,708",0.07,2.4,"842,469","3,327,142",0.1336,0.253211,0.204,0.408,0.516,"9,168,279","47,369,536",1.9018,0.193548,"769,466","3,886,192",0.156,0.198
201009,2011,2010,"4,947,447",9,"25,409,530","25,409,530","2,061,436",0.0811,2.4,"869,677","3,450,401",0.1358,0.252051,0.204,0.408,0.516,"9,638,289","49,797,926",1.9598,0.193548,"824,059","4,161,914",0.1638,0.198
201010,2011,2010,"5,676,929",10,"25,409,530","25,409,530","2,365,387",0.0931,2.4,"934,873","3,683,996",0.145,0.253766,0.204,0.408,0.516,"9,291,496","48,006,159",1.8893,0.193548,"814,138","4,111,808",0.1618,0.198
201011,2011,2010,"5,580,007",11,"25,409,530","25,409,530","2,325,003",0.0915,2.4,"972,961","3,751,999",0.1477,0.259318,0.204,0.408,0.516,"8,465,147","43,736,680",1.7213,0.193548,"807,074","4,076,131",0.1604,0.198
201012,2011,2010,"5,897,854",12,"25,409,530","25,409,530","2,457,439",0.0967,2.4,"1,154,832","4,380,370",0.1724,0.263638,0.204,0.408,0.516,"8,459,431","43,707,148",1.7201,0.193548,"814,043","4,111,328",0.1618,0.198
201101,2011,2011,"10,101,067",1,"25,409,530","25,409,530","4,208,778",0.1656,2.4,"1,576,393","5,237,673",0.2061,0.300972,0.204,0.408,0.516,"9,377,702","48,451,557",1.9068,0.193548,"864,798","4,367,667",0.1719,0.198
201102,2011,2011,"3,613,720",2,"25,409,530","25,409,530","1,505,717",0.0593,2.4,"769,144","3,081,815",0.1213,0.249575,0.204,0.408,0.516,"6,239,125","32,235,544",1.2686,0.193548,"637,280","3,218,586",0.1267,0.198
201103,2011,2011,"5,101,883",3,"25,409,530","25,409,530","2,125,785",0.0837,2.4,"935,581","3,712,652",0.1461,0.251998,0.204,0.408,0.516,"7,314,545","37,791,891",1.4873,0.193548,"757,972","3,828,141",0.1507,0.198
201104,2011,2011,"6,231,791",4,"25,409,530","25,409,530","2,596,580",0.1022,2.4,"1,033,715","4,081,345",0.1606,0.253278,0.204,0.408,0.516,"9,576,496","49,478,662",1.9472,0.193548,"903,488","4,563,071",0.1796,0.198
201105,2011,2011,"6,062,232",5,"25,409,530","25,409,530","2,525,930",0.0994,2.4,"976,035","3,843,142",0.1512,0.253968,0.204,0.408,0.516,"9,395,988","48,546,035",1.9105,0.193548,"823,938","4,161,303",0.1638,0.198
201106,2011,2011,"5,526,991",6,"25,409,530","25,409,530","2,302,913",0.0906,2.4,"1,030,082","4,055,265",0.1596,0.254011,0.204,0.408,0.516,"9,810,037","50,685,293",1.9947,0.193548,"885,677","4,473,116",0.176,0.198
201107,2011,2011,"7,735,959",7,"25,409,530","25,409,530","3,223,316",0.1269,2.4,"1,028,098","4,056,590",0.1596,0.253439,0.204,0.408,0.516,"10,490,375","54,200,379",2.1331,0.193548,"907,564","4,583,657",0.1804,0.198
201108,2011,2011,"4,476,020",8,"25,409,530","25,409,530","1,865,008",0.0734,2.4,"871,871","3,467,387",0.1365,0.251449,0.204,0.408,0.516,"8,894,968","45,957,427",1.8087,0.193548,"800,450","4,042,677",0.1591,0.198
201109,2012,2011,"5,518,642",9,"26,932,619","26,932,619","2,299,434",0.0854,2.4,"983,706","3,915,544",0.1454,0.251231,0.204,0.408,0.516,"10,103,705","52,202,580",1.9383,0.193548,"908,199","4,586,864",0.1703,0.198
201110,2012,2011,"5,622,361",10,"26,932,619","26,932,619","2,342,650",0.087,2.4,"981,449","3,900,319",0.1448,0.251633,0.204,0.408,0.516,"9,647,727","49,846,689",1.8508,0.193548,"935,421","4,724,348",0.1754,0.198
201111,2012,2011,"6,073,104",11,"26,932,619","26,932,619","2,530,460",0.094,2.4,"1,064,156","4,094,577",0.152,0.259894,0.204,0.408,0.516,"8,094,196","41,820,096",1.5528,0.193548,"787,333","3,976,429",0.1476,0.198
201112,2012,2011,"5,993,659",12,"26,932,619","26,932,619","2,497,358",0.0927,2.4,"1,244,447","4,637,904",0.1722,0.268321,0.204,0.408,0.516,"8,500,031","43,916,915",1.6306,0.193548,"898,456","4,537,657",0.1685,0.198
201201,2012,2012,"9,665,550",1,"26,932,619","26,932,619","4,027,312",0.1495,2.4,"1,577,080","5,210,697",0.1935,0.302662,0.204,0.408,0.516,"8,833,591","45,640,311",1.6946,0.193548,"900,735","4,549,167",0.1689,0.198
201202,2012,2012,"4,562,582",2,"26,932,619","26,932,619","1,901,076",0.0706,2.4,"888,698","3,531,779",0.1311,0.251629,0.204,0.408,0.516,"6,909,006","35,696,602",1.3254,0.193548,"851,587","4,300,944",0.1597,0.198
201203,2012,2012,"5,686,313",3,"26,932,619","26,932,619","2,369,297",0.088,2.4,"1,052,246","4,163,667",0.1546,0.252721,0.204,0.408,0.516,"7,496,780","38,733,441",1.4382,0.193548,"914,902","4,620,717",0.1716,0.198
201204,2012,2012,"6,007,129",4,"26,932,619","26,932,619","2,502,970",0.0929,2.4,"1,067,771","4,236,833",0.1573,0.252021,0.204,0.408,0.516,"9,027,737","46,643,401",1.7319,0.193548,"1,055,730","5,331,970",0.198,0.198
201205,2012,2012,"6,347,539",5,"26,932,619","26,932,619","2,644,808",0.0982,2.4,"1,028,525","3,995,327",0.1483,0.257432,0.204,0.408,0.516,"9,047,603","46,746,042",1.7357,0.193548,"1,013,491","5,118,641",0.1901,0.198
201206,2012,2012,"6,235,777",6,"26,932,619","26,932,619","2,598,240",0.0965,2.4,"1,133,738","4,436,810",0.1647,0.25553,0.204,0.408,0.516,"10,671,526","55,136,328",2.0472,0.193548,"1,185,718","5,988,475",0.2224,0.198
201207,2012,2012,"7,905,496",7,"26,932,619","26,932,619","3,293,957",0.1223,2.4,"1,054,417","4,174,884",0.155,0.252562,0.204,0.408,0.516,"9,792,124","50,592,742",1.8785,0.193548,"1,085,009","5,479,843",0.2035,0.198
201208,2012,2012,"4,447,516",8,"26,932,619","26,932,619","1,853,132",0.0688,2.4,"901,160","3,580,650",0.1329,0.251675,0.204,0.408,0.516,"8,902,055","45,994,043",1.7077,0.193548,"1,023,444","5,168,909",0.1919,0.198
201209,2013,2012,"6,077,357",9,"26,932,619","26,932,619","2,532,232",0.094,2.4,"1,075,080","4,253,026",0.1579,0.25278,0.204,0.408,0.516,"10,481,611","54,155,098",2.0108,0.193548,"1,160,869","5,862,975",0.2177,0.198
201210,2013,2012,"5,550,211",10,"26,932,619","26,932,619","2,312,588",0.0859,2.4,"962,283","3,773,555",0.1401,0.255007,0.204,0.408,0.516,"8,523,796","44,039,701",1.6352,0.193548,"1,131,790","5,716,111",0.2122,0.198
201211,2013,2012,"6,515,285",11,"26,932,619","26,932,619","2,714,702",0.1008,2.4,"1,191,899","4,645,874",0.1725,0.25655,0.204,0.408,0.516,"8,516,335","44,001,152",1.6337,0.193548,"1,065,869","5,383,177",0.1999,0.198
201212,2013,2012,"6,420,537",12,"26,932,619","26,932,619","2,675,224",0.0993,2.4,"1,334,766","4,924,645",0.1829,0.271038,0.204,0.408,0.516,"8,729,848","45,104,305",1.6747,0.193548,"1,100,251","5,556,823",0.2063,0.198
201301,2013,2013,"9,667,787",1,"26,932,619","26,932,619","4,028,245",0.1496,2.4,"1,554,198","5,225,952",0.194,0.2974,0.204,0.408,0.516,"8,870,790","45,832,507",1.7017,0.193548,"1,062,477","5,366,045",0.1992,0.198
201302,2013,2013,"4,600,313",2,"26,932,619","26,932,619","1,916,797",0.0712,2.4,"955,991","3,754,034",0.1394,0.254657,0.204,0.408,0.516,"6,949,240","35,904,478",1.3331,0.193548,"981,851","4,958,843",0.1841,0.198
201303,2013,2013,"5,900,404",3,"26,932,619","26,932,619","2,458,502",0.0913,2.4,"1,047,957","4,080,814",0.1515,0.256801,0.204,0.408,0.516,"7,127,482","36,825,397",1.3673,0.193548,"984,537","4,972,409",0.1846,0.198
201304,2013,2013,"5,701,692",4,"26,932,619","26,932,619","2,375,705",0.0882,2.4,"1,070,068","4,242,312",0.1575,0.252237,0.204,0.408,0.516,"8,637,483","44,627,085",1.657,0.193548,"1,149,614","5,806,131",0.2156,0.198
201305,2013,2013,"5,959,921",5,"26,932,619","26,932,619","2,483,300",0.0922,2.4,"1,038,085","4,116,673",0.1529,0.252166,0.204,0.408,0.516,"8,745,338","45,184,337",1.6777,0.193548,"1,142,177","5,768,571",0.2142,0.198
201306,2013,2013,"6,637,296",6,"26,932,619","26,932,619","2,765,540",0.1027,2.4,"1,131,658","4,395,966",0.1632,0.257431,0.204,0.408,0.516,"10,315,871","53,298,773",1.979,0.193548,"1,288,494","6,507,545",0.2416,0.198
201307,2013,2013,"6,647,045",7,"26,932,619","26,932,619","2,769,602",0.1028,2.4,"1,014,099","3,977,810",0.1477,0.254939,0.204,0.408,0.516,"9,103,778","47,036,280",1.7464,0.193548,"1,104,744","5,579,515",0.2072,0.198
201308,2013,2013,"6,657,758",8,"26,932,619","26,932,619","2,774,066",0.103,2.4,"1,006,115","3,982,500",0.1479,0.252634,0.204,0.408,0.516,"9,745,700","50,352,884",1.8696,0.193548,"1,174,190","5,930,253",0.2202,0.198
201309,2014,2013,"5,829,785",9,"27,470,110","27,470,110","2,429,077",0.0884,2.4,"1,092,448","4,303,230",0.1567,0.253867,0.204,0.408,0.516,"10,126,376","52,319,714",1.9046,0.193548,"1,226,226","6,193,061",0.2254,0.198
201310,2014,2013,"6,100,175",10,"27,470,110","27,470,110","2,541,740",0.0925,2.4,"1,014,497","3,924,826",0.1429,0.258482,0.204,0.408,0.516,"8,299,937","42,883,094",1.5611,0.193548,"1,070,471","5,406,419",0.1968,0.198
201311,2014,2013,"6,476,749",11,"27,470,110","27,470,110","2,698,645",0.0982,2.4,"1,265,816","4,835,641",0.176,0.261768,0.204,0.408,0.516,"9,066,768","46,845,062",1.7053,0.193548,"1,190,334","6,011,788",0.2188,0.198
201312,2014,2013,"7,084,115",12,"27,470,110","27,470,110","2,951,715",0.1075,2.4,"1,309,892","4,903,887",0.1785,0.267113,0.204,0.408,0.516,"7,870,061","40,662,063",1.4802,0.193548,"1,151,214","5,814,212",0.2117,0.198
201401,2014,2014,"8,940,017",1,"27,470,110","27,470,110","3,725,007",0.1356,2.4,"1,629,433","5,480,862",0.1995,0.297295,0.204,0.408,0.516,"8,499,007","43,911,624",1.5985,0.193548,"1,182,346","5,971,444",0.2174,0.198
201402,2014,2014,"6,251,474.92",2,"27,470,110","27,470,110","2,604,781",0.0948,2.4,"1,060,630.43","4,136,463",0.1506,0.25641,0.204,0.408,0.516,"7,262,336.76","37,522,148",1.3659,0.193548,"1,050,632.64","5,306,225",0.1932,0.198
201403,2014,2014,"5,683,766.21",3,"27,470,110","27,470,110","2,368,236",0.0862,2.4,"1,125,090.19","4,336,577",0.1579,0.259442,0.204,0.408,0.516,"6,958,348.2","35,951,538",1.3088,0.193548,"1,066,959.78","5,388,686",0.1962,0.198
201404,2014,2014,"6,565,777.68",4,"27,470,110","27,470,110","2,735,741",0.0996,2.4,"1,116,389.34","4,379,749",0.1594,0.254898,0.204,0.408,0.516,"8,071,643.52","41,703,575",1.5181,0.193548,"1,171,350.66","5,915,912",0.2154,0.198
201405,2014,2014,"6,642,464.27",5,"27,470,110","27,470,110","2,767,693",0.1008,2.4,"1,168,244.53","4,486,984",0.1633,0.260363,0.204,0.408,0.516,"9,261,873.6","47,853,109",1.742,0.193548,"1,220,225","6,162,753",0.2243,0.198
201406,2014,2014,"6,942,452.6",6,"27,470,110","27,470,110","2,892,689",0.1053,2.4,"1,311,253.51","4,800,946",0.1748,0.273124,0.204,0.408,0.516,"9,991,166.22","51,621,129",1.8792,0.193548,"1,308,452.94","6,608,348",0.2406,0.198
201407,2014,2014,"6,910,005",7,"27,470,110","27,470,110","2,879,169",0.1048,2.4,"1,243,309","4,584,946",0.1669,0.271172,0.204,0.408,0.516,"9,426,478","48,703,567",1.773,0.193548,"1,213,496","6,128,768",0.2231,0.198
201408,2014,2014,"6,876,989",8,"27,470,110","27,470,110","2,865,412",0.1043,2.4,"1,101,963","4,318,189",0.1572,0.255191,0.204,0.408,0.516,"9,799,238","50,629,498",1.8431,0.193548,"1,260,985","6,368,611",0.2318,0.198
201409,2015,2014,"5,695,016",9,"27,470,110","27,470,110","2,372,923",0.0864,2.4,"1,085,147","4,177,305",0.1521,0.259772,0.204,0.408,0.516,"9,444,248","48,795,379",1.7763,0.193548,"1,245,518","6,290,495",0.229,0.198
201410,2015,2014,"7,087,252",10,"27,470,110","27,470,110","2,953,022",0.1075,2.4,"1,152,965","4,426,853",0.1612,0.260448,0.204,0.408,0.516,"8,665,117","44,769,861",1.6298,0.193548,"1,273,701","6,432,833",0.2342,0.198
201411,2015,2014,"4,735,501",11,"27,470,110","27,470,110","1,973,125",0.0718,2.4,"1,066,395","4,070,925",0.1482,0.261954,0.204,0.408,0.516,"9,113,049","47,084,181",1.714,0.193548,"1,466,559","7,406,864",0.2696,0.198
201412,2015,2014,"7,248,691",12,"27,470,110","27,470,110","3,020,288",0.1099,2.4,"1,307,505","4,810,010",0.1751,0.27183,0.204,0.408,0.516,"7,396,345","38,214,526",1.3911,0.193548,"1,143,145","5,773,460",0.2102,0.198
201501,2015,2015,"9,854,310",1,"27,470,110","27,470,110","4,105,962",0.1495,2.4,"1,762,142","5,870,949",0.2137,0.300146,0.204,0.408,0.516,"9,381,958","48,473,547",1.7646,0.193548,"1,340,379","6,769,591",0.2464,0.198
201502,2015,2015,"6,230,767",2,"27,470,110","27,470,110","2,596,153",0.0945,2.4,"1,084,168","4,164,383",0.1516,0.260343,0.204,0.408,0.516,"6,831,251","35,294,867",1.2848,0.193548,"1,045,747","5,281,551",0.1923,0.198
201503,2015,2015,"6,001,143",3,"27,470,110","27,470,110","2,500,476",0.091,2.4,"1,134,503","4,328,578",0.1576,0.262096,0.204,0.408,0.516,"6,993,831","36,134,866",1.3154,0.193548,"952,956","4,812,909",0.1752,0.198
201504,2015,2015,"6,820,323",4,"27,470,110","27,470,110","2,841,801",0.1035,2.4,"1,224,223","4,703,738",0.1712,0.260266,0.204,0.408,0.516,"8,372,378","43,257,373",1.5747,0.193548,"1,246,564","6,295,778",0.2292,0.198
201505,2015,2015,"7,044,683",5,"27,470,110","27,470,110","2,935,285",0.1069,2.4,"1,216,440","4,582,627",0.1668,0.265446,0.204,0.408,0.516,"9,461,364","48,883,812",1.7795,0.193548,"1,285,175","6,490,783",0.2363,0.198
201506,2015,2015,"7,236,150",6,"27,470,110","27,470,110","3,015,062",0.1098,2.4,"1,218,592","4,571,223",0.1664,0.266579,0.204,0.408,0.516,"9,197,589","47,520,972",1.7299,0.193548,"1,253,113","6,328,854",0.2304,0.198
201507,2015,2015,"7,676,612",7,"27,470,110","27,470,110","3,198,588",0.1164,2.4,"1,228,661","4,680,007",0.1704,0.262534,0.204,0.408,0.516,"9,920,930","51,258,241",1.866,0.193548,"1,309,347","6,612,864",0.2407,0.198
201508,2015,2015,"7,321,505",8,"27,470,110","27,470,110","3,050,627",0.1111,2.4,"1,182,290","4,471,021",0.1628,0.264434,0.204,0.408,0.516,"10,152,567","52,455,034",1.9095,0.193548,"1,314,206","6,637,404",0.2416,0.198
201509,2016,2015,"5,681,881",9,"27,695,284","27,695,284","2,367,450",0.0855,2.4,"1,119,613","4,221,721",0.1524,0.265203,0.204,0.408,0.516,"9,083,537","46,931,702",1.6946,0.193548,"1,249,848","6,312,364",0.2279,0.198
201510,2016,2015,"7,582,795",10,"27,695,284","27,695,284","3,159,498",0.1141,2.4,"1,203,506","4,496,617",0.1624,0.267647,0.204,0.408,0.516,"9,521,681","49,195,450",1.7763,0.193548,"1,386,677","7,003,419",0.2529,0.198
201511,2016,2015,"6,984,416",11,"27,695,284","27,695,284","2,910,173",0.1051,2.4,"1,362,267","5,057,590",0.1826,0.269351,0.204,0.408,0.516,"8,894,691","45,955,995",1.6593,0.193548,"1,340,147","6,768,419",0.2444,0.198
201512,2016,2015,"7,613,670",12,"27,695,284","27,695,284","3,172,362",0.1145,2.4,"1,407,661","5,064,440",0.1829,0.27795,0.204,0.408,0.516,"7,986,856","41,265,505",1.49,0.193548,"1,253,512","6,330,869",0.2286,0.198
201601,2016,2016,"10,256,739",1,"27,695,284","27,695,284","4,273,641",0.1543,2.4,"1,846,124","6,065,175",0.219,0.304381,0.204,0.408,0.516,"9,293,614","48,017,102",1.7338,0.193548,"1,393,972","7,040,263",0.2542,0.198
201602,2016,2016,"6,186,399",2,"27,695,284","27,695,284","2,577,666",0.0931,2.4,"1,209,448","4,202,478",0.1517,0.287794,0.204,0.408,0.516,"6,738,387","34,815,069",1.2571,0.193548,"1,085,080","5,480,202",0.1979,0.198
201603,2016,2016,"6,353,336",3,"27,695,284","27,695,284","2,647,223",0.0956,2.4,"1,237,592","4,602,236",0.1662,0.268911,0.204,0.408,0.516,"7,818,908","40,397,772",1.4587,0.193548,"1,160,453","5,860,874",0.2116,0.198
201604,2016,2016,"7,301,331",4,"27,695,284","27,695,284","3,042,221",0.1098,2.4,"1,335,883","4,986,834",0.1801,0.267882,0.204,0.408,0.516,"9,457,021","48,861,373",1.7642,0.193548,"1,413,309","7,137,924",0.2577,0.198
201605,2016,2016,"7,317,862",5,"27,695,284","27,695,284","3,049,109",0.1101,2.4,"1,204,720","4,493,866",0.1623,0.268081,0.204,0.408,0.516,"8,846,780","45,708,455",1.6504,0.193548,"1,229,955","6,211,894",0.2243,0.198
201606,2016,2016,"7,235,231",6,"27,695,284","27,695,284","3,014,680",0.1089,2.4,"1,295,016","4,820,189",0.174,0.268665,0.204,0.408,0.516,"9,871,163","51,001,111",1.8415,0.193548,"1,320,486","6,669,121",0.2408,0.198
201607,2016,2016,"8,540,230",7,"27,695,284","27,695,284","3,558,429",0.1285,2.4,"1,319,669","4,907,037",0.1772,0.268934,0.204,0.408,0.516,"10,394,535","53,705,205",1.9391,0.193548,"1,353,216","6,834,424",0.2468,0.198
201608,2016,2016,"6,747,448",8,"27,695,284","27,695,284","2,811,437",0.1015,2.4,"1,181,860","4,425,215",0.1598,0.267074,0.204,0.408,0.516,"8,831,055","45,627,209",1.6475,0.193548,"1,163,315","5,875,328",0.2121,0.198
201609,2017,2016,"6,083,062",9,"28,240,245","28,240,245","2,534,609",0.0898,2.4,"1,506,037","5,923,543",0.2098,0.254246,0.204,0.408,0.516,"9,767,026","50,463,069",1.7869,0.193548,"1,348,890","6,812,576",0.2412,0.198
201610,2017,2016,"7,298,130",10,"28,240,245","28,240,245","3,040,888",0.1077,2.4,"1,220,351","4,495,360",0.1592,0.271469,0.204,0.408,0.516,"10,919,025","56,415,075",1.9977,0.193548,"1,541,041","7,783,035",0.2756,0.198
201611,2017,2016,"7,752,160",11,"28,240,245","28,240,245","3,230,067",0.1144,2.4,"1,334,119","4,857,613",0.172,0.274645,0.204,0.408,0.516,"8,285,947","42,810,812",1.516,0.193548,"1,232,741","6,225,965",0.2205,0.198
201612,2017,2016,"8,572,065",12,"28,240,245","28,240,245","3,571,694",0.1265,2.4,"1,515,847","5,397,527",0.1911,0.280841,0.204,0.408,0.516,"8,921,064","46,092,256",1.6321,0.193548,"1,336,793","6,751,480",0.2391,0.198
201701,2017,2017,"9,938,637",1,"28,240,245","28,240,245","4,141,099",0.1466,2.4,"1,852,272","6,021,965",0.2132,0.307586,0.204,0.408,0.516,"8,891,792","45,941,017",1.6268,0.193548,"1,320,378","6,668,576",0.2361,0.198
201702,2017,2017,"7,117,681",2,"28,240,245","28,240,245","2,965,700",0.105,2.4,"1,494,429","5,353,402",0.1896,0.279155,0.204,0.408,0.516,"6,755,072","34,901,275",1.2359,0.193548,"1,067,395","5,390,884",0.1909,0.198
201703,2017,2017,"6,230,525",3,"28,240,245","28,240,245","2,596,052",0.0919,2.4,"1,259,714","4,658,826",0.165,0.270393,0.204,0.408,0.516,"7,211,242","37,258,158",1.3193,0.193548,"1,105,525","5,583,460",0.1977,0.198
201704,2017,2017,"7,463,379",4,"28,240,245","28,240,245","3,109,741",0.1101,2.4,"1,348,113","4,983,229",0.1765,0.27053,0.204,0.408,0.516,"9,530,266","49,239,806",1.7436,0.193548,"1,335,434","6,744,616",0.2388,0.198
201705,2017,2017,"7,828,951",5,"28,240,245","28,240,245","3,262,063",0.1155,2.4,"1,241,495","4,567,998",0.1618,0.271781,0.204,0.408,0.516,"8,286,997","42,816,237",1.5161,0.193548,"1,147,988","5,797,919",0.2053,0.198
201706,2017,2017,"7,740,058",6,"28,240,245","28,240,245","3,225,024",0.1142,2.4,"1,378,333","5,012,995",0.1775,0.274952,0.204,0.408,0.516,"10,668,971","55,123,127",1.9519,0.193548,"1,447,050","7,308,333",0.2588,0.198
201707,2017,2017,"8,054,996",7,"28,240,245","28,240,245","3,356,248",0.1188,2.4,"1,382,722","5,106,893",0.1808,0.270756,0.204,0.408,0.516,"10,314,451","53,291,437",1.8871,0.193548,"1,374,060","6,939,697",0.2457,0.198
201708,2017,2017,"7,544,886",8,"28,240,245","28,240,245","3,143,702",0.1113,2.4,"1,312,805","5,011,892",0.1775,0.261938,0.204,0.408,0.516,"8,542,636","44,137,041",1.5629,0.193548,"1,125,622","5,684,960",0.2013,0.198
201709,2018,2017,"6,439,776",9,"28,979,209","29,948,091","2,683,240",0.0926,2.4,"1,288,833","4,750,968",0.1639,0.271278,0.204,0.408,0.516,"9,726,811","50,255,291",1.7342,0.193548,"1,299,308","6,562,162",0.2264,0.198
201710,2018,2017,"8,079,209",10,"28,979,209","29,948,091","3,366,337",0.1162,2.4,"1,301,051","4,757,581",0.1642,0.273469,0.204,0.408,0.516,"8,912,340","46,047,182",1.589,0.193548,"1,279,209","6,460,652",0.2229,0.198
201711,2018,2017,"7,733,496",11,"28,979,209","29,948,091","3,222,290",0.1112,2.4,"1,678,096","5,677,453",0.1959,0.295572,0.204,0.408,0.516,"8,752,037","45,218,948",1.5604,0.193548,"1,237,497","6,249,985",0.2157,0.198
201712,2018,2017,"10,867,733",12,"28,979,209","29,948,091","4,528,222",0.1563,2.4,"1,630,420","5,669,725",0.1956,0.287566,0.204,0.408,0.516,"10,518,787","54,347,175",1.8754,0.193548,"1,409,107","7,116,702",0.2456,0.198
201801,2018,2018,"9,417,009",1,"28,979,209","29,948,091","3,923,754",0.1354,2.4,"1,799,554","5,824,195",0.201,0.308979,0.204,0.408,0.516,"8,439,845","43,605,953",1.5047,0.193548,"1,249,637","6,311,298",0.2178,0.198
201802,2018,2018,"7,410,427",2,"28,979,209","29,948,091","3,087,678",0.1065,2.4,"1,237,849","4,573,227",0.1578,0.270673,0.204,0.408,0.516,"6,739,589","34,821,279",1.2016,0.193548,"1,067,468","5,391,253",0.186,0.198
201803,2018,2018,"6,687,510",3,"28,979,209","29,948,091","2,786,462",0.0962,2.4,"1,296,113","4,687,214",0.1617,0.276521,0.204,0.408,0.516,"6,951,190","35,914,553",1.2393,0.193548,"1,027,479","5,189,288",0.1791,0.198
201804,2018,2018,"8,258,720",4,"28,979,209","29,948,091","3,441,133",0.1187,2.4,"1,407,518","5,100,960",0.176,0.275932,0.204,0.408,0.516,"9,474,402","48,951,175",1.6892,0.193548,"1,299,034","6,560,778",0.2264,0.198
201805,2018,2018,"7,359,441",5,"28,979,209","29,948,091","3,066,434",0.1058,2.4,"1,218,255","4,493,748",0.1551,0.2711,0.204,0.408,0.516,"8,430,144","43,555,831",1.503,0.193548,"1,183,476","5,977,152",0.2063,0.198
201806,2018,2018,"8,233,340",6,"28,979,209","29,948,091","3,430,558",0.1184,2.4,"1,463,065","5,265,589",0.1817,0.277854,0.204,0.408,0.516,"10,831,711","55,963,952",1.9312,0.193548,"1,430,793","7,226,227",0.2494,0.198
201807,2018,2018,"7,691,686",7,"28,979,209","29,948,091","3,204,869",0.1106,2.4,"1,377,392","5,000,171",0.1725,0.275469,0.204,0.408,0.516,"9,844,008","50,860,810",1.7551,0.193548,"1,256,950","6,348,232",0.2191,0.198
201808,2018,2018,"8,172,542",8,"28,979,209","29,948,091","3,405,226",0.1175,2.4,"1,307,576","4,830,993",0.1667,0.270664,0.204,0.408,0.516,"9,201,386","47,540,589",1.6405,0.193548,"1,224,228","6,182,970",0.2134,0.198
201809,2019,2018,"7,243,401",9,"29,948,091","29,948,091","3,018,084",0.1008,2.4,"1,422,804","5,200,953",0.1737,0.273566,0.204,0.408,0.516,"10,254,127","52,979,762",1.7691,0.193548,"1,380,550","6,972,475",0.2328,0.198
201810,2019,2018,"6,837,338",10,"29,948,091","29,948,091","2,848,891",0.0951,2.4,"1,192,320","4,354,187",0.1454,0.273833,0.204,0.408,0.516,"7,918,012","40,909,810",1.366,0.193548,"1,170,790","5,913,081",0.1974,0.198
201811,2019,2018,"8,476,044",11,"29,948,091","29,948,091","3,531,685",0.1179,2.4,"1,485,854","5,323,180",0.1777,0.279129,0.204,0.408,0.516,"8,563,929","44,247,055",1.4775,0.193548,"1,282,491","6,477,227",0.2163,0.198
201812,2019,2018,"8,938,682",12,"29,948,091","29,948,091","3,724,451",0.1244,2.4,"1,619,001","5,636,307",0.1882,0.287245,0.204,0.408,0.516,"8,463,519","43,728,269",1.4601,0.193548,"1,285,237","6,491,096",0.2167,0.198
201901,2019,2019,"10,374,857",1,"29,948,091","29,948,091","4,322,857",0.1443,2.4,"1,852,541","5,959,540",0.199,0.310853,0.204,0.408,0.516,"8,762,591","45,273,477",1.5117,0.193548,"1,232,425","6,224,369",0.2078,0.198
201902,2019,2019,"8,009,879",2,"29,948,091","29,948,091","3,337,450",0.1114,2.4,"1,227,862","4,511,379",0.1506,0.27217,0.204,0.408,0.516,"7,091,532","36,639,655",1.2234,0.193548,"1,395,665","7,048,813",0.2354,0.198
201903,2019,2019,"7,190,429",3,"29,948,091","29,948,091","2,996,012",0.1,2.4,"1,265,015","4,587,127",0.1532,0.275775,0.204,0.408,0.516,"6,894,871","35,623,571",1.1895,0.193548,"1,041,311","5,259,146",0.1756,0.198
201904,2019,2019,"7,444,768",4,"29,948,091","29,948,091","3,101,987",0.1036,2.4,"1,296,366","4,682,710",0.1564,0.276841,0.204,0.408,0.516,"8,435,387","43,582,920",1.4553,0.193548,"1,210,944","6,115,879",0.2042,0.198
201905,2019,2019,"8,894,723",5,"29,948,091","29,948,091","3,706,135",0.1238,2.4,"1,371,677","4,936,914",0.1648,0.277841,0.204,0.408,0.516,"9,156,484","47,308,595",1.5797,0.193548,"1,238,904","6,257,091",0.2089,0.198
201906,2019,2019,"9,351,020",6,"29,948,091","29,948,091","3,896,258",0.1301,2.4,"1,433,327","5,108,334",0.1706,0.280586,0.204,0.408,0.516,"10,274,137","53,083,147",1.7725,0.193548,"1,362,154","6,879,566",0.2297,0.198
201907,2019,2019,"7,722,714",7,"29,948,091","29,948,091","3,217,798",0.1074,2.4,"1,360,317","4,875,374",0.1628,0.279018,0.204,0.408,0.516,"9,421,177","48,676,179",1.6254,0.193548,"1,217,319","6,148,076",0.2053,0.198
201908,2019,2019,"8,822,306",8,"29,948,091","29,948,091","3,675,961",0.1227,2.4,"1,344,241","4,859,768",0.1623,0.276606,0.204,0.408,0.516,"9,762,111","50,437,674",1.6842,0.193548,"1,279,406","6,461,646",0.2158,0.198
201909,2020,2019,"7,689,988",9,"29,948,091","30,103,821","3,204,162",0.107,2.4,"1,434,813","4,988,884",0.1666,0.287602,0.204,0.408,0.516,"10,254,087","52,979,555",1.769,0.193548,"1,360,839","6,872,924",0.2295,0.198
201910,2020,2019,"7,311,636",10,"29,948,091","30,103,821","3,046,515",0.1017,2.4,"1,194,825","4,286,491",0.1431,0.278742,0.204,0.408,0.516,"8,335,112","43,064,831",1.438,0.193548,"1,196,320","6,042,020",0.2017,0.198
201911,2020,2019,"8,867,265",11,"29,948,091","30,103,821","3,694,694",0.1234,2.4,"1,462,099","5,089,297",0.1699,0.287289,0.204,0.408,0.516,"9,342,138","48,267,810",1.6117,0.193548,"1,366,012","6,899,051",0.2304,0.198
201912,2020,2019,"9,037,078",12,"29,948,091","30,103,821","3,765,449",0.1257,2.4,"1,615,103","5,451,990",0.182,0.296241,0.204,0.408,0.516,"8,212,110","42,429,320",1.4168,0.193548,"1,246,612","6,296,020",0.2102,0.198
202001,2020,2020,"11,171,095",1,"29,948,091","30,103,821","4,654,623",0.1554,2.4,"2,005,532","6,320,419",0.211,0.31731,0.204,0.408,0.516,"9,362,398","48,372,486",1.6152,0.193548,"1,345,826","6,797,101",0.227,0.198
202002,2020,2020,"7,970,569",2,"29,948,091","30,103,821","3,321,070",0.1109,2.4,"1,297,139","4,602,558",0.1537,0.28183,0.204,0.408,0.516,"7,575,395","39,139,619",1.3069,0.193548,"1,156,624","5,841,535",0.1951,0.198
202003,2020,2020,"7,522,205",3,"29,948,091","30,103,821","3,134,252",0.1047,2.4,"1,365,920","4,673,983",0.1561,0.292239,0.204,0.408,0.516,"6,202,528","32,046,459",1.0701,0.193548,"853,167","4,308,924",0.1439,0.198
202004,2020,2020,"8,872,646",4,"29,948,091","30,103,821","3,696,936",0.1234,2.4,"1,586,728","5,769,815",0.1927,0.275005,0.204,0.408,0.516,"9,796,500","50,615,351",1.6901,0.193548,"1,453,433","7,340,571",0.2451,0.198
202005,2020,2020,"9,376,263",5,"29,948,091","30,103,821","3,906,776",0.1305,2.4,"1,468,629","5,343,889",0.1784,0.274824,0.204,0.408,0.516,"8,974,688","46,369,314",1.5483,0.193548,"1,246,186","6,293,869",0.2102,0.198
202006,2020,2020,"9,663,561",6,"29,948,091","30,103,821","4,026,484",0.1344,2.4,"1,540,013","5,518,415",0.1843,0.279068,0.204,0.408,0.516,"10,820,038","55,903,641",1.8667,0.193548,"1,264,578","6,386,758",0.2133,0.198
202007,2020,2020,"11,824,712",7,"29,948,091","30,103,821","4,926,963",0.1645,2.4,"1,704,240","6,024,774",0.2012,0.282872,0.204,0.408,0.516,"11,176,632","57,746,047",1.9282,0.193548,"1,356,835","6,852,702",0.2288,0.198
202008,2020,2020,"7,872,931",8,"29,948,091","30,103,821","3,280,388",0.1095,2.4,"1,341,620","4,856,719",0.1622,0.27624,0.204,0.408,0.516,"10,220,802","52,807,583",1.7633,0.193548,"1,226,334","6,193,606",0.2068,0.198
202009,2021,2020,"8,213,975",9,"30,103,821","29,719,842","3,422,490",0.1137,2.4,"1,472,149","5,254,879",0.1746,0.280149,0.204,0.408,0.516,"9,585,342","49,524,366",1.6451,0.193548,"1,159,362","5,855,364",0.1945,0.198
202010,2021,2020,"10,192,169",10,"30,103,821","29,719,842","4,246,737",0.1411,2.4,"1,497,094","5,212,995",0.1732,0.287185,0.204,0.408,0.516,"10,101,813","52,192,805",1.7338,0.193548,"1,240,138","6,263,323",0.2081,0.198
202011,2021,2020,"9,968,375",11,"30,103,821","29,719,842","4,153,490",0.138,2.4,"1,602,634","5,436,048",0.1806,0.294816,0.204,0.408,0.516,"9,447,011","48,809,654",1.6214,0.193548,"1,185,428","5,987,010",0.1989,0.198
202012,2021,2020,"9,708,376",12,"30,103,821","29,719,842","4,045,157",0.1344,2.4,"1,610,710","5,355,395",0.1779,0.300764,0.204,0.408,0.516,"8,841,075","45,678,979",1.5174,0.193548,"1,170,719","5,912,722",0.1964,0.198
202101,2021,2021,"11,803,222",1,"30,103,821","29,719,842","4,918,009",0.1634,2.4,"2,087,616","6,629,289",0.2202,0.314908,0.204,0.408,0.516,"9,632,091","49,765,903",1.6531,0.193548,"1,198,539","6,053,227",0.2011,0.198
202102,2021,2021,"9,737,082",2,"30,103,821","29,719,842","4,057,118",0.1348,2.4,"1,250,294","4,362,566",0.1449,0.286596,0.204,0.408,0.516,"6,907,070","35,686,600",1.1855,0.193548,"900,413","4,547,540",0.1511,0.198
202103,2021,2021,"8,113,328",3,"30,103,821","29,719,842","3,380,553",0.1123,2.4,"1,345,664","4,608,312",0.1531,0.292008,0.204,0.408,0.516,"7,462,239","38,554,979",1.2807,0.193548,"1,003,082","5,066,071",0.1683,0.198
202104,2021,2021,"10,805,240",4,"30,103,821","29,719,842","4,502,183",0.1496,2.4,"1,722,587","5,871,742",0.195,0.293369,0.204,0.408,0.516,"9,843,362","50,857,472",1.6894,0.193548,"1,226,870","6,196,313",0.2058,0.198
202105,2021,2021,"8,733,868",5,"30,103,821","29,719,842","3,639,112",0.1209,2.4,"1,305,684","4,566,686",0.1517,0.285915,0.204,0.408,0.516,"7,997,432","41,320,148",1.3726,0.193548,"1,093,120","5,520,808",0.1834,0.198
202106,2021,2021,"9,048,437",6,"30,103,821","29,719,842","3,770,182",0.1252,2.4,"1,460,989","5,059,983",0.1681,0.288734,0.204,0.408,0.516,"12,132,666","62,685,566",2.0823,0.193548,"1,317,734","6,655,222",0.2211,0.198
202107,2021,2021,"11,834,881",7,"30,103,821","29,719,842","4,931,200",0.1638,2.4,"1,599,891","5,505,551",0.1829,0.290596,0.204,0.408,0.516,"11,108,238","57,392,678",1.9065,0.193548,"1,241,221","6,268,793",0.2082,0.198
202108,2021,2021,"9,985,930",8,"30,103,821","29,719,842","4,160,804",0.1382,2.4,"1,552,883","5,384,607",0.1789,0.288393,0.204,0.408,0.516,"10,133,067","52,354,284",1.7391,0.193548,"1,140,046","5,757,808",0.1913,0.198
202109,2022,2021,"7,947,065",9,"29,719,842","29,719,842","3,311,277",0.1114,2.4,"1,378,314","4,728,155",0.1591,0.291512,0.204,0.408,0.516,"9,983,687","51,582,486",1.7356,0.193548,"1,144,663","5,781,126",0.1945,0.198
202110,2022,2021,"7,971,717",10,"29,719,842","29,719,842","3,321,549",0.1118,2.4,"1,371,675","4,686,971",0.1577,0.292657,0.204,0.408,0.516,"10,711,643","55,343,600",1.8622,0.193548,0,0,0,0.198
202111,2022,2021,"10,117,030",11,"29,719,842","29,719,842","4,215,429",0.1418,2.4,"1,618,597","5,349,514",0.18,0.302569,0.204,0.408,0.516,"10,323,106","53,336,154",1.7946,0.193548,0,0,0,0.198
202112,2022,2021,"10,961,587",12,"29,719,842","29,719,842","4,567,328",0.1537,2.4,"1,827,789","5,989,726",0.2015,0.305154,0.204,0.408,0.516,"10,531,918","54,415,018",1.8309,0.193548,0,0,0,0.198
202201,2022,2022,"12,871,861",1,"29,719,842","29,719,842","5,363,275",0.1805,2.4,"2,147,663","6,669,326",0.2244,0.322021,0.204,0.408,0.516,"11,222,089","57,980,909",1.9509,0.193548,0,0,0,0.198
202202,2022,2022,"9,261,534",2,"29,719,842","29,719,842","3,858,972",0.1298,2.4,"1,302,573","4,398,415",0.148,0.296146,0.204,0.408,0.516,"7,552,147","39,019,504",1.3129,0.193548,0,0,0,0.198
202203,2022,2022,"8,112,058",3,"29,719,842","29,719,842","3,380,024",0.1137,2.4,"1,425,941","4,809,131",0.1618,0.296507,0.204,0.408,0.516,"8,656,959","44,727,711",1.505,0.193548,0,0,0,0.198
202204,2022,2022,"10,875,632",4,"29,719,842","29,719,842","4,531,513",0.1525,2.4,"1,650,390","5,568,550",0.1874,0.296377,0.204,0.408,0.516,"10,624,737","54,894,584",1.8471,0.193548,0,0,0,0.198
202205,2022,2022,"11,298,351",5,"29,719,842","29,719,842","4,707,646",0.1584,2.4,"1,532,919","5,199,402",0.1749,0.294826,0.204,0.408,0.516,"10,331,092","53,377,415",1.796,0.193548,0,0,0,0.198
202206,2022,2022,"10,447,272",6,"29,719,842","29,719,842","4,353,030",0.1465,2.4,"1,567,980","5,235,640",0.1762,0.299482,0.204,0.408,0.516,"10,857,020","56,094,716",1.8874,0.193548,0,0,0,0.198
202207,2022,2022,"11,226,958",7,"29,719,842","29,719,842","4,677,899",0.1574,2.4,"1,498,120","5,066,043",0.1705,0.295718,0.204,0.408,0.516,"11,370,087","58,745,567",1.9766,0.193548,0,0,0,0.198
202208,2022,2022,"9,683,006",8,"29,719,842","29,719,842","4,034,586",0.1358,2.4,"1,336,238","4,544,718",0.1529,0.29402,0.204,0.408,0.516,"10,017,071","51,754,970",1.7414,0.193548,0,0,0,0.198
202209,2023,2022,"8,984,516",9,"29,719,842","30,301,595","3,743,548",0.126,2.4,"1,483,559","5,041,318",0.1696,0.29428,0.204,0.408,0.516,"11,223,613","57,988,783",1.9512,0.193548,0,0,0,0.198
202210,2023,2022,"11,630,957",10,"29,719,842","30,301,595","4,846,232",0.1631,2.4,"1,546,538","5,131,964",0.1727,0.301354,0.204,0.408,0.516,"10,211,533","52,759,693",1.7752,0.193548,0,0,0,0.198
202211,2023,2022,"10,462,400",11,"29,719,842","30,301,595","4,359,333",0.1467,2.4,"1,500,188","4,974,675",0.1674,0.301565,0.204,0.408,0.516,"8,793,560","45,433,484",1.5287,0.193548,0,0,0,0.198
202212,2023,2022,"10,711,481",12,"29,719,842","30,301,595","4,463,117",0.1502,2.4,"1,802,362","5,802,279",0.1952,0.31063,0.204,0.408,0.516,"9,109,791","47,067,348",1.5837,0.193548,0,0,0,0.198
202301,2023,2023,"12,206,605",1,"29,719,842","30,301,595","5,086,085",0.1711,2.4,"2,017,458","6,228,356",0.2096,0.323915,0.204,0.408,0.516,"8,976,921","46,380,851",1.5606,0.193548,0,0,0,0.198
202302,2023,2023,"9,830,689",2,"29,719,842","30,301,595","4,096,120",0.1378,2.4,"1,364,263","4,521,979",0.1522,0.301696,0.204,0.408,0.516,"8,262,556","42,689,958",1.4364,0.193548,0,0,0,0.198
202303,2023,2023,"8,727,240",3,"29,719,842","30,301,595","3,636,350",0.1224,2.4,"1,473,508","4,896,693",0.1648,0.300919,0.204,0.408,0.516,"8,624,508","44,560,047",1.4993,0.193548,0,0,0,0.198
202304,2023,2023,"11,471,225",4,"29,719,842","30,301,595","4,779,677",0.1608,2.4,"1,582,586","5,279,845",0.1777,0.299741,0.204,0.408,0.516,"10,932,002","56,482,123",1.9005,0.193548,0,0,0,0.198
202305,2023,2023,"10,494,125",5,"29,719,842","30,301,595","4,372,552",0.1471,2.4,"1,357,939","4,498,349",0.1514,0.301875,0.204,0.408,0.516,"9,798,052","50,623,370",1.7034,0.193548,0,0,0,0.198
202306,2023,2023,"10,841,395",6,"29,719,842","30,301,595","4,517,248",0.152,2.4,"1,610,018","5,314,134",0.1788,0.302969,0.204,0.408,0.516,"11,679,451","60,343,951",2.0304,0.193548,0,0,0,0.198
202307,2023,2023,"12,119,668",7,"29,719,842","30,301,595","5,049,862",0.1699,2.4,"1,475,992","4,923,781",0.1657,0.299768,0.204,0.408,0.516,"12,179,713","62,928,643",2.1174,0.193548,0,0,0,0.198
202308,2023,2023,"9,223,052",8,"29,719,842","30,301,595","3,842,938",0.1293,2.4,"1,294,347","4,328,601",0.1456,0.299022,0.204,0.408,0.516,"9,890,679","51,101,944",1.7195,0.193548,0,0,0,0.198
202309,2024,2023,"9,901,605",9,"30,301,595",0,"4,125,669",0.1362,2.4,"1,424,013","4,833,963",0.1595,0.294585,0.204,0.408,0.516,"11,906,106","61,515,004",2.0301,0.193548,0,0,0,0.198
202310,2024,2023,"10,617,208",10,"30,301,595",0,"4,423,837",0.146,2.4,"1,354,346","4,517,890",0.1491,0.299774,0.204,0.408,0.516,"9,969,820","51,510,840",1.6999,0.193548,0,0,0,0.198
202311,2024,2023,"10,743,249",11,"30,301,595",0,"4,476,354",0.1477,2.4,"1,609,057","5,245,978",0.1731,0.306722,0.204,0.408,0.516,"10,068,362","52,019,974",1.7167,0.193548,0,0,0,0.198
202312,2024,2023,"10,741,061",12,"30,301,595",0,"4,475,442",0.1477,2.4,"1,723,480","5,494,179",0.1813,0.313692,0.204,0.408,0.516,"10,107,026","52,219,739",1.7233,0.193548,0,0,0,0.198
202401,2024,2024,"11,756,762",1,"30,301,595",0,"4,898,651",0.1617,2.4,"1,951,550","6,013,243",0.1984,0.324542,0.204,0.408,0.516,"10,125,995","52,317,745",1.7266,0.193548,0,0,0,0.198
